{
    "version": "0.4",
    "title": "404 Page",
    "type": "section",
    "metadata": {
        "template_type": "single-404",
        "include_in_zip": "1",
        "elementor_pro_required": null,
        "wp_page_template": "elementor_header_footer"
    },
    "content": [
        {
            "id": "75e19e89",
            "settings": {
                "flex_direction": "column",
                "boxed_width": {
                    "unit": "px",
                    "size": 1300,
                    "sizes": []
                },
                "min_height": {
                    "unit": "vh",
                    "size": 100,
                    "sizes": []
                },
                "min_height_tablet": {
                    "unit": "vh",
                    "size": "",
                    "sizes": []
                },
                "min_height_mobile": {
                    "unit": "vh",
                    "size": "",
                    "sizes": []
                },
                "flex_justify_content": "center",
                "border_border": "solid",
                "border_width": {
                    "unit": "px",
                    "top": "0",
                    "right": "0",
                    "bottom": "1",
                    "left": "0",
                    "isLinked": false
                },
                "border_color": "#FEFDF730",
                "padding": {
                    "unit": "px",
                    "top": "100",
                    "right": "0",
                    "bottom": "30",
                    "left": "0",
                    "isLinked": false
                },
                "padding_tablet": {
                    "unit": "px",
                    "top": "70",
                    "right": "30",
                    "bottom": "0",
                    "left": "30",
                    "isLinked": false
                },
                "padding_mobile": {
                    "unit": "px",
                    "top": "70",
                    "right": "20",
                    "bottom": "0",
                    "left": "20",
                    "isLinked": false
                },
                "__globals__": {
                    "border_color": ""
                }
            },
            "elements": [
                {
                    "id": "44557fb3",
                    "settings": {
                        "icon_list": [
                            {
                                "text": "Error Page",
                                "selected_icon": {
                                    "value": "",
                                    "library": ""
                                },
                                "_id": "a55587e"
                            }
                        ],
                        "icon_size": {
                            "unit": "px",
                            "size": 10,
                            "sizes": []
                        },
                        "text_indent": {
                            "unit": "px",
                            "size": 0,
                            "sizes": []
                        },
                        "__globals__": {
                            "icon_color": "globals\/colors?id=accent",
                            "text_color": "globals\/colors?id=c0a5c79",
                            "icon_typography_typography": "globals\/typography?id=c27c173"
                        },
                        "_animation": "fadeIn",
                        "icon_size_tablet": {
                            "unit": "px",
                            "size": 9,
                            "sizes": []
                        },
                        "icon_size_mobile": {
                            "unit": "px",
                            "size": 8,
                            "sizes": []
                        },
                        "_flex_align_self": "center",
                        "_background_color_stop_tablet": {
                            "unit": "%",
                            "size": "",
                            "sizes": []
                        },
                        "_background_color_stop_mobile": {
                            "unit": "%",
                            "size": "",
                            "sizes": []
                        },
                        "_background_color_b_stop_tablet": {
                            "unit": "%",
                            "size": "",
                            "sizes": []
                        },
                        "_background_color_b_stop_mobile": {
                            "unit": "%",
                            "size": "",
                            "sizes": []
                        },
                        "_background_gradient_angle_tablet": {
                            "unit": "deg",
                            "size": "",
                            "sizes": []
                        },
                        "_background_gradient_angle_mobile": {
                            "unit": "deg",
                            "size": "",
                            "sizes": []
                        },
                        "_background_hover_color_stop_tablet": {
                            "unit": "%",
                            "size": "",
                            "sizes": []
                        },
                        "_background_hover_color_stop_mobile": {
                            "unit": "%",
                            "size": "",
                            "sizes": []
                        },
                        "_background_hover_color_b_stop_tablet": {
                            "unit": "%",
                            "size": "",
                            "sizes": []
                        },
                        "_background_hover_color_b_stop_mobile": {
                            "unit": "%",
                            "size": "",
                            "sizes": []
                        },
                        "_background_hover_gradient_angle_tablet": {
                            "unit": "deg",
                            "size": "",
                            "sizes": []
                        },
                        "_background_hover_gradient_angle_mobile": {
                            "unit": "deg",
                            "size": "",
                            "sizes": []
                        }
                    },
                    "elements": [],
                    "isInner": false,
                    "widgetType": "icon-list",
                    "elType": "widget"
                },
                {
                    "id": "4fd41857",
                    "settings": {
                        "image": {
                            "url": "https:\/\/askproject.net\/tourre\/wp-content\/uploads\/sites\/218\/2025\/01\/404_Asset-3.png",
                            "id": 380,
                            "size": "",
                            "alt": "",
                            "source": "library"
                        },
                        "width": {
                            "unit": "%",
                            "size": 27,
                            "sizes": []
                        },
                        "width_tablet": {
                            "unit": "%",
                            "size": 38,
                            "sizes": []
                        },
                        "width_mobile": {
                            "unit": "%",
                            "size": 75,
                            "sizes": []
                        },
                        "_animation": "fadeIn",
                        "_animation_delay": 200
                    },
                    "elements": [],
                    "isInner": false,
                    "widgetType": "image",
                    "elType": "widget"
                },
                {
                    "id": "702b5f3",
                    "settings": {
                        "ekit_heading_title": "Oops, page {{not}} {{found!}}",
                        "ekit_heading_sub_title": "Time has changed",
                        "shadow_text_content": "bussiness",
                        "ekit_heading_show_seperator": "",
                        "ekit_heading_title_margin": {
                            "unit": "px",
                            "top": "0",
                            "right": "0",
                            "bottom": "0",
                            "left": "0",
                            "isLinked": false
                        },
                        "ekit_heading_focused_title_secondary_spacing": {
                            "unit": "px",
                            "top": "0",
                            "right": "0",
                            "bottom": "0",
                            "left": "0",
                            "isLinked": false
                        },
                        "_element_width": "initial",
                        "_element_custom_width": {
                            "unit": "px",
                            "size": 700,
                            "sizes": []
                        },
                        "_element_width_tablet": "initial",
                        "_animation": "fadeIn",
                        "_animation_delay": 200,
                        "__globals__": {
                            "ekit_heading_title_color": "globals\/colors?id=c0a5c79",
                            "ekit_heading_title_color_hover": "globals\/colors?id=c0a5c79",
                            "ekit_heading_focused_title_color": "globals\/colors?id=c0a5c79",
                            "ekit_heading_focused_title_color_hover": "globals\/colors?id=c0a5c79",
                            "ekit_heading_title_typography_typography": "globals\/typography?id=secondary",
                            "ekit_heading_focused_title_typography_typography": "globals\/typography?id=a08c0fa"
                        },
                        "ekit_heading_title_align": "text_center",
                        "_margin": {
                            "unit": "px",
                            "top": "0",
                            "right": "0",
                            "bottom": "0",
                            "left": "0",
                            "isLinked": false
                        },
                        "_margin_tablet": {
                            "unit": "px",
                            "top": "0",
                            "right": "0",
                            "bottom": "0",
                            "left": "0",
                            "isLinked": false
                        },
                        "_margin_mobile": {
                            "unit": "px",
                            "top": "0",
                            "right": "0",
                            "bottom": "0",
                            "left": "0",
                            "isLinked": false
                        },
                        "_element_width_mobile": "inherit",
                        "_element_custom_width_tablet": {
                            "unit": "px",
                            "size": 560,
                            "sizes": []
                        },
                        "_flex_align_self": "center",
                        "_background_color_stop_tablet": {
                            "unit": "%",
                            "size": "",
                            "sizes": []
                        },
                        "_background_color_stop_mobile": {
                            "unit": "%",
                            "size": "",
                            "sizes": []
                        },
                        "_background_color_b_stop_tablet": {
                            "unit": "%",
                            "size": "",
                            "sizes": []
                        },
                        "_background_color_b_stop_mobile": {
                            "unit": "%",
                            "size": "",
                            "sizes": []
                        },
                        "_background_gradient_angle_tablet": {
                            "unit": "deg",
                            "size": "",
                            "sizes": []
                        },
                        "_background_gradient_angle_mobile": {
                            "unit": "deg",
                            "size": "",
                            "sizes": []
                        },
                        "_background_hover_color_stop_tablet": {
                            "unit": "%",
                            "size": "",
                            "sizes": []
                        },
                        "_background_hover_color_stop_mobile": {
                            "unit": "%",
                            "size": "",
                            "sizes": []
                        },
                        "_background_hover_color_b_stop_tablet": {
                            "unit": "%",
                            "size": "",
                            "sizes": []
                        },
                        "_background_hover_color_b_stop_mobile": {
                            "unit": "%",
                            "size": "",
                            "sizes": []
                        },
                        "_background_hover_gradient_angle_tablet": {
                            "unit": "deg",
                            "size": "",
                            "sizes": []
                        },
                        "_background_hover_gradient_angle_mobile": {
                            "unit": "deg",
                            "size": "",
                            "sizes": []
                        }
                    },
                    "elements": [],
                    "isInner": false,
                    "widgetType": "elementskit-heading",
                    "elType": "widget"
                },
                {
                    "id": "429caaac",
                    "settings": {
                        "editor": "<p>Lorem ipsum dolor sit amet, consectetur adipiscing elit. Ut elit tellus, luctus nec mattis, pulvinar dapibus leo.<\/p>",
                        "align": "center",
                        "text_color": "#FEFDF7A6",
                        "_margin": {
                            "unit": "px",
                            "top": "0",
                            "right": "0",
                            "bottom": "-5",
                            "left": "0",
                            "isLinked": false
                        },
                        "_margin_tablet": {
                            "unit": "px",
                            "top": "0",
                            "right": "0",
                            "bottom": "0",
                            "left": "0",
                            "isLinked": false
                        },
                        "_margin_mobile": {
                            "unit": "px",
                            "top": "0",
                            "right": "0",
                            "bottom": "30",
                            "left": "0",
                            "isLinked": false
                        },
                        "_element_width": "initial",
                        "_element_custom_width": {
                            "unit": "px",
                            "size": 600,
                            "sizes": []
                        },
                        "_element_custom_width_tablet": {
                            "unit": "px",
                            "size": 500,
                            "sizes": []
                        },
                        "_flex_align_self": "center",
                        "__globals__": {
                            "text_color": ""
                        },
                        "_animation": "fadeIn",
                        "_animation_delay": 400,
                        "_background_color_stop_tablet": {
                            "unit": "%",
                            "size": "",
                            "sizes": []
                        },
                        "_background_color_stop_mobile": {
                            "unit": "%",
                            "size": "",
                            "sizes": []
                        },
                        "_background_color_b_stop_tablet": {
                            "unit": "%",
                            "size": "",
                            "sizes": []
                        },
                        "_background_color_b_stop_mobile": {
                            "unit": "%",
                            "size": "",
                            "sizes": []
                        },
                        "_background_gradient_angle_tablet": {
                            "unit": "deg",
                            "size": "",
                            "sizes": []
                        },
                        "_background_gradient_angle_mobile": {
                            "unit": "deg",
                            "size": "",
                            "sizes": []
                        },
                        "_background_hover_color_stop_tablet": {
                            "unit": "%",
                            "size": "",
                            "sizes": []
                        },
                        "_background_hover_color_stop_mobile": {
                            "unit": "%",
                            "size": "",
                            "sizes": []
                        },
                        "_background_hover_color_b_stop_tablet": {
                            "unit": "%",
                            "size": "",
                            "sizes": []
                        },
                        "_background_hover_color_b_stop_mobile": {
                            "unit": "%",
                            "size": "",
                            "sizes": []
                        },
                        "_background_hover_gradient_angle_tablet": {
                            "unit": "deg",
                            "size": "",
                            "sizes": []
                        },
                        "_background_hover_gradient_angle_mobile": {
                            "unit": "deg",
                            "size": "",
                            "sizes": []
                        }
                    },
                    "elements": [],
                    "isInner": false,
                    "widgetType": "text-editor",
                    "elType": "widget"
                },
                {
                    "id": "d7b886b",
                    "settings": {
                        "text": "Back to Homepage",
                        "__globals__": {
                            "typography_typography": "globals\/typography?id=accent",
                            "hover_color": "globals\/colors?id=c0a5c79",
                            "button_text_color": "globals\/colors?id=c0a5c79",
                            "background_color": "",
                            "button_background_hover_color": "",
                            "border_color": "",
                            "button_hover_border_color": "globals\/colors?id=c0a5c79",
                            "background_color_b": "globals\/colors?id=accent",
                            "button_background_hover_color_b": "globals\/colors?id=accent"
                        },
                        "border_width": {
                            "unit": "px",
                            "top": "0",
                            "right": "0",
                            "bottom": "1",
                            "left": "0",
                            "isLinked": false
                        },
                        "border_radius": {
                            "unit": "px",
                            "top": "0",
                            "right": "0",
                            "bottom": "0",
                            "left": "0",
                            "isLinked": true
                        },
                        "text_padding": {
                            "unit": "px",
                            "top": "0",
                            "right": "0",
                            "bottom": "3",
                            "left": "0",
                            "isLinked": false
                        },
                        "align": "left",
                        "icon_indent": {
                            "unit": "px",
                            "size": 8,
                            "sizes": []
                        },
                        "text_padding_mobile": {
                            "unit": "px",
                            "top": "0",
                            "right": "0",
                            "bottom": "3",
                            "left": "0",
                            "isLinked": false
                        },
                        "_margin_tablet": {
                            "unit": "px",
                            "top": "-7",
                            "right": "0",
                            "bottom": "0",
                            "left": "0",
                            "isLinked": false
                        },
                        "_margin_mobile": {
                            "unit": "px",
                            "top": "-7",
                            "right": "0",
                            "bottom": "0",
                            "left": "0",
                            "isLinked": false
                        },
                        "_padding_tablet": {
                            "unit": "px",
                            "top": "0",
                            "right": "0",
                            "bottom": "0",
                            "left": "0",
                            "isLinked": false
                        },
                        "background_color_b": "#3F3222",
                        "background_color_b_stop": {
                            "unit": "%",
                            "size": 50,
                            "sizes": []
                        },
                        "background_gradient_angle": {
                            "unit": "deg",
                            "size": 320,
                            "sizes": []
                        },
                        "button_background_hover_color_b_stop": {
                            "unit": "%",
                            "size": 50,
                            "sizes": []
                        },
                        "button_background_hover_gradient_angle": {
                            "unit": "deg",
                            "size": 320,
                            "sizes": []
                        },
                        "button_background_hover_color_b": "#3F3222",
                        "border_border": "solid",
                        "icon_align": "row-reverse",
                        "_element_custom_width": {
                            "unit": "%",
                            "size": 65,
                            "sizes": []
                        },
                        "_element_custom_width_tablet": {
                            "unit": "%",
                            "size": 26,
                            "sizes": []
                        },
                        "_element_custom_width_mobile": {
                            "unit": "%",
                            "size": 72,
                            "sizes": []
                        },
                        "border_color": "#FFFFFF30",
                        "_flex_align_self_mobile": "center",
                        "text_padding_tablet": {
                            "unit": "px",
                            "top": "0",
                            "right": "0",
                            "bottom": "3",
                            "left": "0",
                            "isLinked": false
                        },
                        "button_background_hover_color": "#82807D00",
                        "content_width": "full",
                        "background_color": "#FFFBC100",
                        "selected_icon": {
                            "value": "icon icon-right-arrow",
                            "library": "ekiticons"
                        },
                        "_margin": {
                            "unit": "px",
                            "top": "-7",
                            "right": "0",
                            "bottom": "0",
                            "left": "0",
                            "isLinked": false
                        },
                        "_animation": "fadeIn",
                        "_animation_delay": 600,
                        "_flex_align_self": "center",
                        "_background_color_stop_tablet": {
                            "unit": "%",
                            "size": "",
                            "sizes": []
                        },
                        "_background_color_stop_mobile": {
                            "unit": "%",
                            "size": "",
                            "sizes": []
                        },
                        "_background_color_b_stop_tablet": {
                            "unit": "%",
                            "size": "",
                            "sizes": []
                        },
                        "_background_color_b_stop_mobile": {
                            "unit": "%",
                            "size": "",
                            "sizes": []
                        },
                        "_background_gradient_angle_tablet": {
                            "unit": "deg",
                            "size": "",
                            "sizes": []
                        },
                        "_background_gradient_angle_mobile": {
                            "unit": "deg",
                            "size": "",
                            "sizes": []
                        },
                        "_background_hover_color_stop_tablet": {
                            "unit": "%",
                            "size": "",
                            "sizes": []
                        },
                        "_background_hover_color_stop_mobile": {
                            "unit": "%",
                            "size": "",
                            "sizes": []
                        },
                        "_background_hover_color_b_stop_tablet": {
                            "unit": "%",
                            "size": "",
                            "sizes": []
                        },
                        "_background_hover_color_b_stop_mobile": {
                            "unit": "%",
                            "size": "",
                            "sizes": []
                        },
                        "_background_hover_gradient_angle_tablet": {
                            "unit": "deg",
                            "size": "",
                            "sizes": []
                        },
                        "_background_hover_gradient_angle_mobile": {
                            "unit": "deg",
                            "size": "",
                            "sizes": []
                        }
                    },
                    "elements": [],
                    "isInner": false,
                    "widgetType": "button",
                    "elType": "widget"
                }
            ],
            "isInner": false,
            "elType": "container"
        }
    ],
    "page_settings": {
        "hide_title": "yes",
        "background_background": "classic",
        "__globals__": {
            "background_color": "globals\/colors?id=primary"
        },
        "template": "elementor_header_footer"
    }
}