{
    "version": "0.4",
    "title": "Blog",
    "type": "page",
    "metadata": {
        "template_type": "single-page",
        "include_in_zip": "1",
        "elementor_pro_required": null,
        "wp_page_template": "elementor_header_footer"
    },
    "content": [
        {
            "id": "2a877fee",
            "settings": {
                "flex_direction": "column",
                "content_width": "full",
                "min_height": {
                    "unit": "px",
                    "size": 480,
                    "sizes": []
                },
                "min_height_tablet": {
                    "unit": "px",
                    "size": 400,
                    "sizes": []
                },
                "min_height_mobile": {
                    "unit": "px",
                    "size": 350,
                    "sizes": []
                },
                "flex_justify_content": "flex-end",
                "background_background": "classic",
                "background_color": "#0C1815",
                "padding": {
                    "unit": "px",
                    "top": "170",
                    "right": "30",
                    "bottom": "50",
                    "left": "30",
                    "isLinked": false
                },
                "padding_mobile": {
                    "unit": "px",
                    "top": "140",
                    "right": "20",
                    "bottom": "30",
                    "left": "20",
                    "isLinked": false
                },
                "__globals__": {
                    "background_color": "",
                    "background_overlay_color": ""
                },
                "_title": "Page Hero",
                "background_image": {
                    "url": "https:\/\/askproject.net\/tourre\/wp-content\/uploads\/sites\/218\/2025\/01\/neom-9bE0LlCrX2M-unsplash.jpg",
                    "id": 281,
                    "size": "",
                    "alt": "",
                    "source": "library"
                },
                "background_position": "center center",
                "background_size": "cover",
                "background_overlay_background": "classic",
                "background_overlay_color": "#3F3222",
                "background_overlay_opacity": {
                    "unit": "px",
                    "size": 0.6,
                    "sizes": []
                }
            },
            "elements": [
                {
                    "id": "13221749",
                    "settings": {
                        "ekit_heading_title": "Blog & {{News}}",
                        "ekit_heading_sub_title": "Time has changed",
                        "shadow_text_content": "bussiness",
                        "ekit_heading_show_seperator": "",
                        "ekit_heading_title_margin": {
                            "unit": "px",
                            "top": "0",
                            "right": "0",
                            "bottom": "0",
                            "left": "0",
                            "isLinked": false
                        },
                        "ekit_heading_focused_title_secondary_spacing": {
                            "unit": "px",
                            "top": "0",
                            "right": "0",
                            "bottom": "0",
                            "left": "0",
                            "isLinked": false
                        },
                        "_element_custom_width": {
                            "unit": "px",
                            "size": 750,
                            "sizes": []
                        },
                        "_animation": "fadeIn",
                        "__globals__": {
                            "ekit_heading_title_color": "globals\/colors?id=c0a5c79",
                            "ekit_heading_title_color_hover": "globals\/colors?id=c0a5c79",
                            "ekit_heading_focused_title_color": "globals\/colors?id=c0a5c79",
                            "ekit_heading_focused_title_color_hover": "globals\/colors?id=c0a5c79",
                            "ekit_heading_title_typography_typography": "globals\/typography?id=secondary",
                            "ekit_heading_focused_title_typography_typography": "globals\/typography?id=a08c0fa"
                        },
                        "ekit_heading_title_color_hover": "#2C2925",
                        "ekit_heading_focused_title_color": "#2C2925",
                        "ekit_heading_focused_title_color_hover": "#2C2925",
                        "_margin": {
                            "unit": "px",
                            "top": "0",
                            "right": "0",
                            "bottom": "-10",
                            "left": "0",
                            "isLinked": false
                        },
                        "_background_color_stop_tablet": {
                            "unit": "%",
                            "size": "",
                            "sizes": []
                        },
                        "_background_color_stop_mobile": {
                            "unit": "%",
                            "size": "",
                            "sizes": []
                        },
                        "_background_color_b_stop_tablet": {
                            "unit": "%",
                            "size": "",
                            "sizes": []
                        },
                        "_background_color_b_stop_mobile": {
                            "unit": "%",
                            "size": "",
                            "sizes": []
                        },
                        "_background_gradient_angle_tablet": {
                            "unit": "deg",
                            "size": "",
                            "sizes": []
                        },
                        "_background_gradient_angle_mobile": {
                            "unit": "deg",
                            "size": "",
                            "sizes": []
                        },
                        "_background_hover_color_stop_tablet": {
                            "unit": "%",
                            "size": "",
                            "sizes": []
                        },
                        "_background_hover_color_stop_mobile": {
                            "unit": "%",
                            "size": "",
                            "sizes": []
                        },
                        "_background_hover_color_b_stop_tablet": {
                            "unit": "%",
                            "size": "",
                            "sizes": []
                        },
                        "_background_hover_color_b_stop_mobile": {
                            "unit": "%",
                            "size": "",
                            "sizes": []
                        },
                        "_background_hover_gradient_angle_tablet": {
                            "unit": "deg",
                            "size": "",
                            "sizes": []
                        },
                        "_background_hover_gradient_angle_mobile": {
                            "unit": "deg",
                            "size": "",
                            "sizes": []
                        }
                    },
                    "elements": [],
                    "isInner": false,
                    "widgetType": "elementskit-heading",
                    "elType": "widget"
                },
                {
                    "id": "10dbb8d8",
                    "settings": {
                        "view": "inline",
                        "icon_list": [
                            {
                                "text": "Home",
                                "selected_icon": {
                                    "value": "",
                                    "library": ""
                                },
                                "_id": "f1e4e9a",
                                "link": {
                                    "url": "#",
                                    "is_external": "",
                                    "nofollow": "",
                                    "custom_attributes": ""
                                }
                            },
                            {
                                "text": "Blog",
                                "selected_icon": {
                                    "value": "icon icon-right-arrow",
                                    "library": "ekiticons"
                                },
                                "_id": "4248fd7"
                            }
                        ],
                        "space_between": {
                            "unit": "px",
                            "size": 15,
                            "sizes": []
                        },
                        "text_indent": {
                            "unit": "px",
                            "size": 15,
                            "sizes": []
                        },
                        "text_color": "#FFFFFFAB",
                        "_margin": {
                            "unit": "px",
                            "top": "0",
                            "right": "0",
                            "bottom": "0",
                            "left": "-15",
                            "isLinked": false
                        },
                        "_animation": "fadeIn",
                        "_animation_delay": 200,
                        "__globals__": {
                            "icon_typography_typography": "globals\/typography?id=3a2641b",
                            "icon_color": "globals\/colors?id=c0a5c79",
                            "text_color_hover": "globals\/colors?id=c0a5c79"
                        },
                        "_background_color_stop_tablet": {
                            "unit": "%",
                            "size": "",
                            "sizes": []
                        },
                        "_background_color_stop_mobile": {
                            "unit": "%",
                            "size": "",
                            "sizes": []
                        },
                        "_background_color_b_stop_tablet": {
                            "unit": "%",
                            "size": "",
                            "sizes": []
                        },
                        "_background_color_b_stop_mobile": {
                            "unit": "%",
                            "size": "",
                            "sizes": []
                        },
                        "_background_gradient_angle_tablet": {
                            "unit": "deg",
                            "size": "",
                            "sizes": []
                        },
                        "_background_gradient_angle_mobile": {
                            "unit": "deg",
                            "size": "",
                            "sizes": []
                        },
                        "_background_hover_color_stop_tablet": {
                            "unit": "%",
                            "size": "",
                            "sizes": []
                        },
                        "_background_hover_color_stop_mobile": {
                            "unit": "%",
                            "size": "",
                            "sizes": []
                        },
                        "_background_hover_color_b_stop_tablet": {
                            "unit": "%",
                            "size": "",
                            "sizes": []
                        },
                        "_background_hover_color_b_stop_mobile": {
                            "unit": "%",
                            "size": "",
                            "sizes": []
                        },
                        "_background_hover_gradient_angle_tablet": {
                            "unit": "deg",
                            "size": "",
                            "sizes": []
                        },
                        "_background_hover_gradient_angle_mobile": {
                            "unit": "deg",
                            "size": "",
                            "sizes": []
                        }
                    },
                    "elements": [],
                    "isInner": false,
                    "widgetType": "icon-list",
                    "elType": "widget"
                }
            ],
            "isInner": false,
            "elType": "container"
        },
        {
            "id": "20898d9d",
            "settings": {
                "boxed_width": {
                    "unit": "px",
                    "size": 1300,
                    "sizes": []
                },
                "flex_gap": {
                    "unit": "px",
                    "size": null,
                    "column": "",
                    "row": "",
                    "isLinked": true
                },
                "flex_gap_tablet": {
                    "column": "",
                    "row": "",
                    "isLinked": true,
                    "unit": "px",
                    "size": null
                },
                "flex_gap_mobile": {
                    "column": "",
                    "row": "",
                    "isLinked": true,
                    "unit": "px",
                    "size": null
                },
                "flex_wrap": "nowrap",
                "flex_wrap_mobile": "wrap",
                "padding": {
                    "unit": "px",
                    "top": "100",
                    "right": "0",
                    "bottom": "100",
                    "left": "0",
                    "isLinked": false
                },
                "padding_tablet": {
                    "unit": "px",
                    "top": "70",
                    "right": "30",
                    "bottom": "70",
                    "left": "30",
                    "isLinked": false
                },
                "padding_mobile": {
                    "unit": "px",
                    "top": "70",
                    "right": "20",
                    "bottom": "70",
                    "left": "20",
                    "isLinked": false
                },
                "_title": "Team"
            },
            "elements": [
                {
                    "id": "41d77459",
                    "settings": {
                        "ekit_blog_posts_layout_style": "elementskit-post-image-card",
                        "ekit_blog_posts_content_trim": 12,
                        "ekit_blog_posts_is_manual_selection": "recent",
                        "ekit_blog_posts_cats": [
                            "6"
                        ],
                        "ekit_blog_posts_meta_select": [
                            "author",
                            "date"
                        ],
                        "ekit_blog_posts_meta_date_icons": {
                            "value": "icon icon-flickr-1",
                            "library": "ekiticons"
                        },
                        "ekit_blog_posts_btn_text": "Read More",
                        "ekit_blog_posts_btn_icons__switch": "",
                        "ekit_blog_posts_background_background": "classic",
                        "ekit_blog_posts_background_color": "#FBFCF600",
                        "ekit_blog_posts_shadow_box_shadow_type": "yes",
                        "ekit_blog_posts_shadow_box_shadow": {
                            "horizontal": 2,
                            "vertical": 2,
                            "blur": 20,
                            "spread": 0,
                            "color": "rgba(0, 0, 0, 0)"
                        },
                        "ekit_blog_posts_radius": {
                            "unit": "px",
                            "top": "0",
                            "right": "0",
                            "bottom": "0",
                            "left": "0",
                            "isLinked": true
                        },
                        "ekit_blog_posts_padding": {
                            "unit": "px",
                            "top": "0",
                            "right": "0",
                            "bottom": "0",
                            "left": "0",
                            "isLinked": false
                        },
                        "ekit_blog_posts_margin": {
                            "unit": "px",
                            "top": "0",
                            "right": "0",
                            "bottom": "30",
                            "left": "0",
                            "isLinked": false
                        },
                        "ekit_blog_posts_margin_mobile": {
                            "unit": "px",
                            "top": "0",
                            "right": "0",
                            "bottom": "30",
                            "left": "0",
                            "isLinked": false
                        },
                        "ekit_blog_posts_text_content_wraper_padding": {
                            "unit": "px",
                            "top": "10",
                            "right": "0",
                            "bottom": "0",
                            "left": "0",
                            "isLinked": false
                        },
                        "ekit_blog_posts_text_content_wraper_padding_mobile": {
                            "unit": "px",
                            "top": "10",
                            "right": "0",
                            "bottom": "0",
                            "left": "0",
                            "isLinked": false
                        },
                        "ekit_blog_posts_feature_img_radius": {
                            "unit": "px",
                            "top": "0",
                            "right": "0",
                            "bottom": "0",
                            "left": "0",
                            "isLinked": true
                        },
                        "ekit_blog_posts_feature_img_margin": {
                            "unit": "px",
                            "top": "0",
                            "right": "0",
                            "bottom": "0",
                            "left": "0",
                            "isLinked": false
                        },
                        "ekit_blog_posts_feature_img_padding": {
                            "unit": "px",
                            "top": "0",
                            "right": "0",
                            "bottom": "0",
                            "left": "0",
                            "isLinked": false
                        },
                        "ekit_blog_posts_meta_margin": {
                            "unit": "px",
                            "top": "0",
                            "right": "0",
                            "bottom": "0",
                            "left": "0",
                            "isLinked": false
                        },
                        "ekit_blog_posts_meta_item_margin": {
                            "unit": "px",
                            "top": "5",
                            "right": "0",
                            "bottom": "15",
                            "left": "0",
                            "isLinked": false
                        },
                        "ekit_blog_posts_meta_padding": {
                            "unit": "px",
                            "top": "0",
                            "right": "0",
                            "bottom": "0",
                            "left": "0",
                            "isLinked": false
                        },
                        "ekit_blog_posts_meta_icon_padding": {
                            "unit": "px",
                            "top": "0",
                            "right": "2",
                            "bottom": "0",
                            "left": "7",
                            "isLinked": false
                        },
                        "ekit_blog_posts_title_margin": {
                            "unit": "px",
                            "top": "-5",
                            "right": "0",
                            "bottom": "10",
                            "left": "0",
                            "isLinked": false
                        },
                        "ekit_blog_posts_content_margin": {
                            "unit": "px",
                            "top": "0",
                            "right": "0",
                            "bottom": "0",
                            "left": "0",
                            "isLinked": false
                        },
                        "ekit_blog_posts_btn_text_padding": {
                            "unit": "px",
                            "top": "0",
                            "right": "0",
                            "bottom": "4",
                            "left": "0",
                            "isLinked": false
                        },
                        "ekit_blog_posts_btn_bg_color_background": "classic",
                        "ekit_blog_posts_btn_bg_color_color": "#FFFFFF00",
                        "ekit_blog_posts_btn_bg_hover_color_background": "classic",
                        "ekit_blog_posts_btn_bg_hover_color_color": "#02010100",
                        "ekit_blog_posts_btn_border_style": "solid",
                        "ekit_blog_posts_btn_border_dimensions": {
                            "unit": "px",
                            "top": "0",
                            "right": "0",
                            "bottom": "1",
                            "left": "0",
                            "isLinked": false
                        },
                        "ekit_blog_posts_btn_border_radius": {
                            "unit": "px",
                            "top": "0",
                            "right": "0",
                            "bottom": "0",
                            "left": "0",
                            "isLinked": false
                        },
                        "_margin_tablet": {
                            "unit": "px",
                            "top": "0",
                            "right": "0",
                            "bottom": "-30",
                            "left": "0",
                            "isLinked": false
                        },
                        "_margin_mobile": {
                            "unit": "px",
                            "top": "0",
                            "right": "0",
                            "bottom": "-30",
                            "left": "0",
                            "isLinked": false
                        },
                        "_animation": "fadeIn",
                        "__globals__": {
                            "ekit_blog_posts_meta_typography_typography": "globals\/typography?id=665e12c",
                            "ekit_blog_posts_meta_color_normal": "globals\/colors?id=accent",
                            "ekit_blog_posts_title_typography_typography": "globals\/typography?id=0fe436f",
                            "ekit_blog_posts_title_color": "globals\/colors?id=primary",
                            "ekit_blog_posts_content_color": "globals\/colors?id=text",
                            "ekit_blog_posts_content_typography_typography": "globals\/typography?id=text",
                            "ekit_blog_posts_btn_typography_typography": "globals\/typography?id=accent",
                            "ekit_blog_posts_btn_text_color": "globals\/colors?id=accent",
                            "ekit_blog_posts_btn_hover_color": "globals\/colors?id=accent",
                            "ekit_blog_posts_btn_hover_border_color": "globals\/colors?id=accent",
                            "ekit_blog_posts_meta_color_icon_normal": "globals\/colors?id=secondary",
                            "ekit_blog_posts_title_hover_color": "globals\/colors?id=primary"
                        },
                        "ekit_blog_posts_btn_border_color": "#20283330",
                        "ekit_blog_posts_border_border": "solid",
                        "ekit_blog_posts_border_width": {
                            "unit": "px",
                            "top": "0",
                            "right": "0",
                            "bottom": "0",
                            "left": "0",
                            "isLinked": true
                        },
                        "ekit_blog_posts_border_color": "#01010317",
                        "ekit_blog_posts_meta_author_icons": {
                            "value": "",
                            "library": ""
                        },
                        "ekit_blog_posts_meta_icon_size": {
                            "unit": "px",
                            "size": 10,
                            "sizes": []
                        },
                        "ekit_blog_posts_meta_color_normal": "#443F3A",
                        "ekit_blog_posts_meta_color_icon_normal": "#D6FF68",
                        "ekit_blog_posts_title_color": "#0A0806",
                        "ekit_blog_posts_content_color": "#7A7A7A",
                        "ekit_blog_posts_btn_text_color": "#0A0806",
                        "ekit_blog_posts_btn_hover_color": "#D6FF68",
                        "ekit_blog_posts_btn_hover_border_color": "#D6FF68",
                        "ekit_blog_posts_read_more": "",
                        "_flex_align_self": "stretch",
                        "_margin": {
                            "unit": "px",
                            "top": "0",
                            "right": "0",
                            "bottom": "-30",
                            "left": "0",
                            "isLinked": false
                        },
                        "content_width": "full",
                        "ekit_blog_posts_num": 6,
                        "_background_color_stop_tablet": {
                            "unit": "%",
                            "size": "",
                            "sizes": []
                        },
                        "_background_color_stop_mobile": {
                            "unit": "%",
                            "size": "",
                            "sizes": []
                        },
                        "_background_color_b_stop_tablet": {
                            "unit": "%",
                            "size": "",
                            "sizes": []
                        },
                        "_background_color_b_stop_mobile": {
                            "unit": "%",
                            "size": "",
                            "sizes": []
                        },
                        "_background_gradient_angle_tablet": {
                            "unit": "deg",
                            "size": "",
                            "sizes": []
                        },
                        "_background_gradient_angle_mobile": {
                            "unit": "deg",
                            "size": "",
                            "sizes": []
                        },
                        "_background_hover_color_stop_tablet": {
                            "unit": "%",
                            "size": "",
                            "sizes": []
                        },
                        "_background_hover_color_stop_mobile": {
                            "unit": "%",
                            "size": "",
                            "sizes": []
                        },
                        "_background_hover_color_b_stop_tablet": {
                            "unit": "%",
                            "size": "",
                            "sizes": []
                        },
                        "_background_hover_color_b_stop_mobile": {
                            "unit": "%",
                            "size": "",
                            "sizes": []
                        },
                        "_background_hover_gradient_angle_tablet": {
                            "unit": "deg",
                            "size": "",
                            "sizes": []
                        },
                        "_background_hover_gradient_angle_mobile": {
                            "unit": "deg",
                            "size": "",
                            "sizes": []
                        }
                    },
                    "elements": [],
                    "isInner": false,
                    "widgetType": "elementskit-blog-posts",
                    "elType": "widget"
                }
            ],
            "isInner": false,
            "elType": "container"
        },
        {
            "id": "7c337a49",
            "settings": {
                "flex_direction": "column",
                "content_width": "full",
                "padding": {
                    "unit": "px",
                    "top": "0",
                    "right": "30",
                    "bottom": "100",
                    "left": "30",
                    "isLinked": false
                },
                "padding_tablet": {
                    "unit": "px",
                    "top": "0",
                    "right": "20",
                    "bottom": "70",
                    "left": "20",
                    "isLinked": false
                },
                "_title": "CTA"
            },
            "elements": [
                {
                    "id": "1c8e9812",
                    "settings": {
                        "content_width": "full",
                        "min_height": {
                            "unit": "px",
                            "size": 700,
                            "sizes": []
                        },
                        "min_height_tablet": {
                            "unit": "px",
                            "size": 500,
                            "sizes": []
                        },
                        "min_height_mobile": {
                            "unit": "px",
                            "size": 600,
                            "sizes": []
                        },
                        "flex_justify_content": "center",
                        "flex_align_items": "center",
                        "background_background": "video",
                        "background_video_link": "https:\/\/youtu.be\/B_8bbKn3amE?si=Zs2k0N1o_ABMG_Vy",
                        "background_video_start": 116,
                        "background_video_end": 149,
                        "background_video_fallback": {
                            "url": "https:\/\/askproject.net\/tourre\/wp-content\/uploads\/sites\/218\/2025\/01\/neom-wbOKjgQv3nY-unsplash.jpg",
                            "id": 17,
                            "size": "",
                            "alt": "",
                            "source": "library"
                        },
                        "background_overlay_background": "classic",
                        "background_overlay_color": "#3F3222",
                        "overlay_blend_mode": "multiply",
                        "padding": {
                            "unit": "px",
                            "top": "100",
                            "right": "100",
                            "bottom": "100",
                            "left": "100",
                            "isLinked": true
                        },
                        "padding_tablet": {
                            "unit": "px",
                            "top": "70",
                            "right": "70",
                            "bottom": "70",
                            "left": "70",
                            "isLinked": true
                        },
                        "padding_mobile": {
                            "unit": "px",
                            "top": "30",
                            "right": "30",
                            "bottom": "30",
                            "left": "30",
                            "isLinked": true
                        },
                        "animation": "fadeIn",
                        "__globals__": {
                            "background_overlay_color": ""
                        }
                    },
                    "elements": [
                        {
                            "id": "7b0db441",
                            "settings": {
                                "ekit_heading_title": "See What Makes {{Each}} {{Experience}} With Our Trips {{Exceptional}}",
                                "ekit_heading_sub_title": "Time has changed",
                                "shadow_text_content": "bussiness",
                                "ekit_heading_show_seperator": "",
                                "ekit_heading_title_margin": {
                                    "unit": "px",
                                    "top": "0",
                                    "right": "0",
                                    "bottom": "0",
                                    "left": "0",
                                    "isLinked": false
                                },
                                "ekit_heading_focused_title_secondary_spacing": {
                                    "unit": "px",
                                    "top": "0",
                                    "right": "0",
                                    "bottom": "0",
                                    "left": "0",
                                    "isLinked": false
                                },
                                "_element_custom_width": {
                                    "unit": "px",
                                    "size": 750,
                                    "sizes": []
                                },
                                "_animation": "fadeIn",
                                "_animation_delay": 200,
                                "__globals__": {
                                    "ekit_heading_title_color": "globals\/colors?id=c0a5c79",
                                    "ekit_heading_title_color_hover": "globals\/colors?id=c0a5c79",
                                    "ekit_heading_focused_title_color": "globals\/colors?id=c0a5c79",
                                    "ekit_heading_focused_title_color_hover": "globals\/colors?id=c0a5c79",
                                    "ekit_heading_title_typography_typography": "globals\/typography?id=secondary",
                                    "ekit_heading_focused_title_typography_typography": "globals\/typography?id=a08c0fa"
                                },
                                "ekit_heading_title_align": "text_center",
                                "ekit_heading_title_color_hover": "#2C2925",
                                "ekit_heading_focused_title_color": "#2C2925",
                                "ekit_heading_focused_title_color_hover": "#2C2925",
                                "_margin": {
                                    "unit": "px",
                                    "top": "0",
                                    "right": "0",
                                    "bottom": "10",
                                    "left": "0",
                                    "isLinked": false
                                },
                                "_element_width": "initial",
                                "_background_color_stop_tablet": {
                                    "unit": "%",
                                    "size": "",
                                    "sizes": []
                                },
                                "_background_color_stop_mobile": {
                                    "unit": "%",
                                    "size": "",
                                    "sizes": []
                                },
                                "_background_color_b_stop_tablet": {
                                    "unit": "%",
                                    "size": "",
                                    "sizes": []
                                },
                                "_background_color_b_stop_mobile": {
                                    "unit": "%",
                                    "size": "",
                                    "sizes": []
                                },
                                "_background_gradient_angle_tablet": {
                                    "unit": "deg",
                                    "size": "",
                                    "sizes": []
                                },
                                "_background_gradient_angle_mobile": {
                                    "unit": "deg",
                                    "size": "",
                                    "sizes": []
                                },
                                "_background_hover_color_stop_tablet": {
                                    "unit": "%",
                                    "size": "",
                                    "sizes": []
                                },
                                "_background_hover_color_stop_mobile": {
                                    "unit": "%",
                                    "size": "",
                                    "sizes": []
                                },
                                "_background_hover_color_b_stop_tablet": {
                                    "unit": "%",
                                    "size": "",
                                    "sizes": []
                                },
                                "_background_hover_color_b_stop_mobile": {
                                    "unit": "%",
                                    "size": "",
                                    "sizes": []
                                },
                                "_background_hover_gradient_angle_tablet": {
                                    "unit": "deg",
                                    "size": "",
                                    "sizes": []
                                },
                                "_background_hover_gradient_angle_mobile": {
                                    "unit": "deg",
                                    "size": "",
                                    "sizes": []
                                }
                            },
                            "elements": [],
                            "isInner": false,
                            "widgetType": "elementskit-heading",
                            "elType": "widget"
                        },
                        {
                            "id": "6e143b90",
                            "settings": {
                                "text": "Start your journey",
                                "__globals__": {
                                    "typography_typography": "globals\/typography?id=accent",
                                    "hover_color": "globals\/colors?id=c0a5c79",
                                    "button_text_color": "globals\/colors?id=c0a5c79",
                                    "background_color": "",
                                    "button_background_hover_color": "",
                                    "border_color": "",
                                    "button_hover_border_color": "globals\/colors?id=c0a5c79",
                                    "background_color_b": "globals\/colors?id=accent",
                                    "button_background_hover_color_b": "globals\/colors?id=accent"
                                },
                                "border_width": {
                                    "unit": "px",
                                    "top": "0",
                                    "right": "0",
                                    "bottom": "1",
                                    "left": "0",
                                    "isLinked": false
                                },
                                "border_radius": {
                                    "unit": "px",
                                    "top": "0",
                                    "right": "0",
                                    "bottom": "0",
                                    "left": "0",
                                    "isLinked": true
                                },
                                "text_padding": {
                                    "unit": "px",
                                    "top": "0",
                                    "right": "0",
                                    "bottom": "3",
                                    "left": "0",
                                    "isLinked": false
                                },
                                "align": "left",
                                "icon_indent": {
                                    "unit": "px",
                                    "size": 8,
                                    "sizes": []
                                },
                                "text_padding_mobile": {
                                    "unit": "px",
                                    "top": "0",
                                    "right": "0",
                                    "bottom": "3",
                                    "left": "0",
                                    "isLinked": false
                                },
                                "_margin_tablet": {
                                    "unit": "px",
                                    "top": "-7",
                                    "right": "0",
                                    "bottom": "0",
                                    "left": "0",
                                    "isLinked": false
                                },
                                "_margin_mobile": {
                                    "unit": "px",
                                    "top": "-7",
                                    "right": "0",
                                    "bottom": "0",
                                    "left": "0",
                                    "isLinked": false
                                },
                                "_padding_tablet": {
                                    "unit": "px",
                                    "top": "0",
                                    "right": "0",
                                    "bottom": "0",
                                    "left": "0",
                                    "isLinked": false
                                },
                                "background_color_b": "#3F3222",
                                "background_color_b_stop": {
                                    "unit": "%",
                                    "size": 50,
                                    "sizes": []
                                },
                                "background_gradient_angle": {
                                    "unit": "deg",
                                    "size": 320,
                                    "sizes": []
                                },
                                "button_background_hover_color_b_stop": {
                                    "unit": "%",
                                    "size": 50,
                                    "sizes": []
                                },
                                "button_background_hover_gradient_angle": {
                                    "unit": "deg",
                                    "size": 320,
                                    "sizes": []
                                },
                                "button_background_hover_color_b": "#3F3222",
                                "border_border": "solid",
                                "icon_align": "row-reverse",
                                "_element_custom_width": {
                                    "unit": "%",
                                    "size": 65,
                                    "sizes": []
                                },
                                "_element_custom_width_tablet": {
                                    "unit": "%",
                                    "size": 26,
                                    "sizes": []
                                },
                                "_element_custom_width_mobile": {
                                    "unit": "%",
                                    "size": 72,
                                    "sizes": []
                                },
                                "border_color": "#FFFFFF30",
                                "_flex_align_self_mobile": "center",
                                "text_padding_tablet": {
                                    "unit": "px",
                                    "top": "0",
                                    "right": "0",
                                    "bottom": "3",
                                    "left": "0",
                                    "isLinked": false
                                },
                                "button_background_hover_color": "#82807D00",
                                "content_width": "full",
                                "background_color": "#FFFBC100",
                                "selected_icon": {
                                    "value": "icon icon-right-arrow",
                                    "library": "ekiticons"
                                },
                                "_margin": {
                                    "unit": "px",
                                    "top": "-7",
                                    "right": "0",
                                    "bottom": "0",
                                    "left": "0",
                                    "isLinked": false
                                },
                                "_animation": "fadeIn",
                                "_animation_delay": 400,
                                "_flex_align_self": "center",
                                "_background_color_stop_tablet": {
                                    "unit": "%",
                                    "size": "",
                                    "sizes": []
                                },
                                "_background_color_stop_mobile": {
                                    "unit": "%",
                                    "size": "",
                                    "sizes": []
                                },
                                "_background_color_b_stop_tablet": {
                                    "unit": "%",
                                    "size": "",
                                    "sizes": []
                                },
                                "_background_color_b_stop_mobile": {
                                    "unit": "%",
                                    "size": "",
                                    "sizes": []
                                },
                                "_background_gradient_angle_tablet": {
                                    "unit": "deg",
                                    "size": "",
                                    "sizes": []
                                },
                                "_background_gradient_angle_mobile": {
                                    "unit": "deg",
                                    "size": "",
                                    "sizes": []
                                },
                                "_background_hover_color_stop_tablet": {
                                    "unit": "%",
                                    "size": "",
                                    "sizes": []
                                },
                                "_background_hover_color_stop_mobile": {
                                    "unit": "%",
                                    "size": "",
                                    "sizes": []
                                },
                                "_background_hover_color_b_stop_tablet": {
                                    "unit": "%",
                                    "size": "",
                                    "sizes": []
                                },
                                "_background_hover_color_b_stop_mobile": {
                                    "unit": "%",
                                    "size": "",
                                    "sizes": []
                                },
                                "_background_hover_gradient_angle_tablet": {
                                    "unit": "deg",
                                    "size": "",
                                    "sizes": []
                                },
                                "_background_hover_gradient_angle_mobile": {
                                    "unit": "deg",
                                    "size": "",
                                    "sizes": []
                                }
                            },
                            "elements": [],
                            "isInner": false,
                            "widgetType": "button",
                            "elType": "widget"
                        }
                    ],
                    "isInner": true,
                    "elType": "container"
                }
            ],
            "isInner": false,
            "elType": "container"
        }
    ],
    "page_settings": {
        "hide_title": "yes",
        "template": "elementor_header_footer"
    }
}