{
    "version": "0.4",
    "title": "Form Contact",
    "type": "section",
    "metadata": {
        "template_type": "section-other",
        "include_in_zip": "1",
        "elementor_pro_required": null,
        "wp_page_template": "elementor_canvas"
    },
    "content": [
        {
            "id": "222549aa",
            "settings": {
                "flex_direction": "column",
                "padding": {
                    "unit": "px",
                    "top": "0",
                    "right": "0",
                    "bottom": "0",
                    "left": "0",
                    "isLinked": false
                }
            },
            "elements": [
                {
                    "id": "24fd3ba4",
                    "settings": {
                        "flex_direction": "row",
                        "flex_gap": {
                            "column": "20",
                            "row": "20",
                            "isLinked": true,
                            "unit": "px",
                            "size": 20
                        },
                        "flex_wrap": "nowrap",
                        "padding": {
                            "unit": "px",
                            "top": "0",
                            "right": "0",
                            "bottom": "0",
                            "left": "0",
                            "isLinked": false
                        }
                    },
                    "elements": [
                        {
                            "id": "646a2fc1",
                            "settings": {
                                "padding": {
                                    "unit": "px",
                                    "top": "0",
                                    "right": "0",
                                    "bottom": "0",
                                    "left": "0",
                                    "isLinked": false
                                }
                            },
                            "elements": [
                                {
                                    "id": "60c995c1",
                                    "settings": {
                                        "mf_input_label": "First Name",
                                        "mf_input_placeholder": "John",
                                        "mf_input_validation_warning_message": "This field is required.",
                                        "mf_input_label_margin": {
                                            "unit": "px",
                                            "top": "0",
                                            "right": "0",
                                            "bottom": "0",
                                            "left": "0",
                                            "isLinked": false
                                        },
                                        "mf_input_warning_text_color": "#2C2925",
                                        "mf_input_padding": {
                                            "unit": "px",
                                            "top": "14",
                                            "right": "0",
                                            "bottom": "14",
                                            "left": "0",
                                            "isLinked": false
                                        },
                                        "mf_input_margin": {
                                            "unit": "px",
                                            "top": "0",
                                            "right": "0",
                                            "bottom": "0",
                                            "left": "0",
                                            "isLinked": false
                                        },
                                        "mf_input_color": "#FEFDF7",
                                        "mf_input_background_background": "classic",
                                        "mf_input_background_color": "#F6F7FA00",
                                        "mf_input_border_border": "solid",
                                        "mf_input_border_width": {
                                            "unit": "px",
                                            "top": "0",
                                            "right": "0",
                                            "bottom": "1",
                                            "left": "0",
                                            "isLinked": false
                                        },
                                        "mf_input_color_hover": "#FEFDF7",
                                        "mf_input_background_hover_background": "classic",
                                        "mf_input_background_hover_color": "#FFFFFF00",
                                        "mf_input_border_hover_border": "solid",
                                        "mf_input_color_focus": "#FEFDF7",
                                        "mf_input_background_focus_background": "classic",
                                        "mf_input_background_focus_color": "#FFFFFF00",
                                        "mf_input_border_focus_border": "solid",
                                        "mf_input_placeholder_color": "#585654",
                                        "mf_input_help_text_typography_typography": "custom",
                                        "mf_input_help_text_typography_font_family": "IBM Plex Sans",
                                        "mf_input_help_text_typography_font_size": {
                                            "unit": "px",
                                            "size": 13,
                                            "sizes": []
                                        },
                                        "mf_input_help_text_typography_font_weight": "400",
                                        "mf_input_help_text_typography_line_height": {
                                            "unit": "px",
                                            "size": 17,
                                            "sizes": []
                                        },
                                        "mf_input_help_text_typography_line_height_tablet": {
                                            "unit": "px",
                                            "size": "",
                                            "sizes": []
                                        },
                                        "mf_input_help_text_typography_line_height_mobile": {
                                            "unit": "px",
                                            "size": "",
                                            "sizes": []
                                        },
                                        "mf_input_help_text_color": "#96989F",
                                        "__globals__": {
                                            "mf_input_required_indicator_color": "globals\/colors?id=c0a5c79",
                                            "mf_input_warning_text_color": "globals\/colors?id=c0a5c79",
                                            "mf_input_warning_text_typography_typography": "globals\/typography?id=text",
                                            "mf_input_color": "globals\/colors?id=c0a5c79",
                                            "mf_input_color_hover": "globals\/colors?id=c0a5c79",
                                            "mf_input_color_focus": "globals\/colors?id=c0a5c79",
                                            "mf_input_border_color": "",
                                            "mf_input_typgraphy_typography": "globals\/typography?id=text",
                                            "mf_input_place_holder_typography_typography": "globals\/typography?id=text",
                                            "mf_input_placeholder_color": "globals\/colors?id=c0a5c79",
                                            "mf_input_border_focus_color": "",
                                            "mf_input_label_color": "globals\/colors?id=c0a5c79",
                                            "mf_input_label_typography_typography": "globals\/typography?id=accent",
                                            "mf_input_border_hover_color": ""
                                        },
                                        "mf_input_required": "yes",
                                        "mf_input_label_color": "#FEFDF7",
                                        "mf_input_required_indicator_color": "#2C2925",
                                        "mf_input_border_color": "#FEFDF730",
                                        "mf_input_border_hover_color": "#FEFDF7D1",
                                        "mf_input_border_focus_color": "#FEFDF7D1"
                                    },
                                    "elements": [],
                                    "isInner": false,
                                    "widgetType": "mf-listing-fname",
                                    "elType": "widget"
                                }
                            ],
                            "isInner": true,
                            "elType": "container"
                        },
                        {
                            "id": "3f18cae9",
                            "settings": {
                                "padding": {
                                    "unit": "px",
                                    "top": "0",
                                    "right": "0",
                                    "bottom": "0",
                                    "left": "0",
                                    "isLinked": false
                                }
                            },
                            "elements": [
                                {
                                    "id": "2e36b4eb",
                                    "settings": {
                                        "mf_input_label": "Last Name",
                                        "mf_input_name": "mf-listing-lname",
                                        "mf_input_placeholder": "Doe",
                                        "mf_input_validation_warning_message": "This field is required.",
                                        "mf_input_label_margin": {
                                            "unit": "px",
                                            "top": "0",
                                            "right": "0",
                                            "bottom": "0",
                                            "left": "0",
                                            "isLinked": false
                                        },
                                        "mf_input_warning_text_color": "#2C2925",
                                        "mf_input_padding": {
                                            "unit": "px",
                                            "top": "14",
                                            "right": "0",
                                            "bottom": "14",
                                            "left": "0",
                                            "isLinked": false
                                        },
                                        "mf_input_margin": {
                                            "unit": "px",
                                            "top": "0",
                                            "right": "0",
                                            "bottom": "0",
                                            "left": "0",
                                            "isLinked": false
                                        },
                                        "mf_input_color": "#FEFDF7",
                                        "mf_input_background_background": "classic",
                                        "mf_input_background_color": "#F6F7FA00",
                                        "mf_input_border_border": "solid",
                                        "mf_input_border_width": {
                                            "unit": "px",
                                            "top": "0",
                                            "right": "0",
                                            "bottom": "1",
                                            "left": "0",
                                            "isLinked": false
                                        },
                                        "mf_input_color_hover": "#FEFDF7",
                                        "mf_input_background_hover_background": "classic",
                                        "mf_input_background_hover_color": "#FFFFFF00",
                                        "mf_input_border_hover_border": "solid",
                                        "mf_input_color_focus": "#FEFDF7",
                                        "mf_input_background_focus_background": "classic",
                                        "mf_input_background_focus_color": "#FFFFFF00",
                                        "mf_input_border_focus_border": "solid",
                                        "mf_input_placeholder_color": "#585654",
                                        "mf_input_help_text_typography_typography": "custom",
                                        "mf_input_help_text_typography_font_family": "IBM Plex Sans",
                                        "mf_input_help_text_typography_font_size": {
                                            "unit": "px",
                                            "size": 13,
                                            "sizes": []
                                        },
                                        "mf_input_help_text_typography_font_weight": "400",
                                        "mf_input_help_text_typography_line_height": {
                                            "unit": "px",
                                            "size": 17,
                                            "sizes": []
                                        },
                                        "mf_input_help_text_typography_line_height_tablet": {
                                            "unit": "px",
                                            "size": "",
                                            "sizes": []
                                        },
                                        "mf_input_help_text_typography_line_height_mobile": {
                                            "unit": "px",
                                            "size": "",
                                            "sizes": []
                                        },
                                        "mf_input_help_text_color": "#96989F",
                                        "__globals__": {
                                            "mf_input_required_indicator_color": "globals\/colors?id=c0a5c79",
                                            "mf_input_warning_text_color": "globals\/colors?id=c0a5c79",
                                            "mf_input_warning_text_typography_typography": "globals\/typography?id=text",
                                            "mf_input_color": "globals\/colors?id=c0a5c79",
                                            "mf_input_color_hover": "globals\/colors?id=c0a5c79",
                                            "mf_input_color_focus": "globals\/colors?id=c0a5c79",
                                            "mf_input_border_color": "",
                                            "mf_input_typgraphy_typography": "globals\/typography?id=text",
                                            "mf_input_place_holder_typography_typography": "globals\/typography?id=text",
                                            "mf_input_placeholder_color": "globals\/colors?id=c0a5c79",
                                            "mf_input_border_focus_color": "",
                                            "mf_input_label_color": "globals\/colors?id=c0a5c79",
                                            "mf_input_label_typography_typography": "globals\/typography?id=accent",
                                            "mf_input_border_hover_color": ""
                                        },
                                        "mf_input_required": "yes",
                                        "mf_input_label_color": "#FEFDF7",
                                        "mf_input_required_indicator_color": "#2C2925",
                                        "mf_input_border_color": "#FEFDF730",
                                        "mf_input_border_hover_color": "#FEFDF7D1",
                                        "mf_input_border_focus_color": "#FEFDF7D1"
                                    },
                                    "elements": [],
                                    "isInner": false,
                                    "widgetType": "mf-listing-lname",
                                    "elType": "widget"
                                }
                            ],
                            "isInner": true,
                            "elType": "container"
                        }
                    ],
                    "isInner": true,
                    "elType": "container"
                },
                {
                    "id": "407252",
                    "settings": {
                        "flex_direction": "row",
                        "flex_gap": {
                            "column": "20",
                            "row": "20",
                            "isLinked": true,
                            "unit": "px",
                            "size": 20
                        },
                        "flex_wrap": "nowrap",
                        "padding": {
                            "unit": "px",
                            "top": "0",
                            "right": "0",
                            "bottom": "0",
                            "left": "0",
                            "isLinked": false
                        }
                    },
                    "elements": [
                        {
                            "id": "1805f327",
                            "settings": {
                                "padding": {
                                    "unit": "px",
                                    "top": "0",
                                    "right": "0",
                                    "bottom": "0",
                                    "left": "0",
                                    "isLinked": false
                                }
                            },
                            "elements": [
                                {
                                    "id": "5fca426d",
                                    "settings": {
                                        "mf_input_label": "Phone",
                                        "mf_input_name": "mf-telephone",
                                        "mf_input_placeholder": "+1 (234) 567 890",
                                        "mf_input_validation_warning_message": "This field is required.",
                                        "mf_input_label_margin": {
                                            "unit": "px",
                                            "top": "0",
                                            "right": "0",
                                            "bottom": "0",
                                            "left": "0",
                                            "isLinked": false
                                        },
                                        "mf_input_padding": {
                                            "unit": "px",
                                            "top": "14",
                                            "right": "0",
                                            "bottom": "14",
                                            "left": "0",
                                            "isLinked": false
                                        },
                                        "mf_input_margin": {
                                            "unit": "px",
                                            "top": "0",
                                            "right": "0",
                                            "bottom": "0",
                                            "left": "0",
                                            "isLinked": false
                                        },
                                        "mf_input_background_background": "classic",
                                        "mf_input_background_color": "#F6F7FA00",
                                        "mf_input_border_border": "solid",
                                        "mf_input_border_width": {
                                            "unit": "px",
                                            "top": "0",
                                            "right": "0",
                                            "bottom": "1",
                                            "left": "0",
                                            "isLinked": false
                                        },
                                        "mf_input_background_hover_background": "classic",
                                        "mf_input_background_hover_color": "#FFFFFF00",
                                        "mf_input_border_hover_border": "solid",
                                        "mf_input_background_focus_background": "classic",
                                        "mf_input_background_focus_color": "#FFFFFF00",
                                        "mf_input_border_focus_border": "solid",
                                        "mf_input_help_text_typography_typography": "custom",
                                        "mf_input_help_text_typography_font_family": "IBM Plex Sans",
                                        "mf_input_help_text_typography_font_size": {
                                            "unit": "px",
                                            "size": 13,
                                            "sizes": []
                                        },
                                        "mf_input_help_text_typography_font_weight": "400",
                                        "mf_input_help_text_typography_line_height": {
                                            "unit": "px",
                                            "size": 17,
                                            "sizes": []
                                        },
                                        "mf_input_help_text_typography_line_height_tablet": {
                                            "unit": "px",
                                            "size": "",
                                            "sizes": []
                                        },
                                        "mf_input_help_text_typography_line_height_mobile": {
                                            "unit": "px",
                                            "size": "",
                                            "sizes": []
                                        },
                                        "mf_input_help_text_color": "#96989F",
                                        "__globals__": {
                                            "mf_input_required_indicator_color": "globals\/colors?id=c0a5c79",
                                            "mf_input_warning_text_color": "globals\/colors?id=c0a5c79",
                                            "mf_input_warning_text_typography_typography": "globals\/typography?id=text",
                                            "mf_input_color": "globals\/colors?id=c0a5c79",
                                            "mf_input_color_hover": "globals\/colors?id=c0a5c79",
                                            "mf_input_color_focus": "globals\/colors?id=c0a5c79",
                                            "mf_input_border_color": "",
                                            "mf_input_typgraphy_typography": "globals\/typography?id=text",
                                            "mf_input_place_holder_typography_typography": "globals\/typography?id=text",
                                            "mf_input_placeholder_color": "globals\/colors?id=c0a5c79",
                                            "mf_input_border_focus_color": "",
                                            "mf_input_label_color": "globals\/colors?id=c0a5c79",
                                            "mf_input_label_typography_typography": "globals\/typography?id=accent",
                                            "mf_input_border_hover_color": ""
                                        },
                                        "mf_input_color_hover": "#FEFDF7",
                                        "mf_input_color_focus": "#FEFDF7",
                                        "mf_input_required": "yes",
                                        "mf_input_warning_text_color": "#2C2925",
                                        "mf_input_color": "#FEFDF7",
                                        "mf_input_placeholder_color": "#585654",
                                        "mf_input_label_color": "#FEFDF7",
                                        "mf_input_required_indicator_color": "#2C2925",
                                        "mf_input_border_color": "#FEFDF730",
                                        "mf_input_border_hover_color": "#FEFDF7D1",
                                        "mf_input_border_focus_color": "#FEFDF7D1"
                                    },
                                    "elements": [],
                                    "isInner": false,
                                    "widgetType": "mf-telephone",
                                    "elType": "widget"
                                }
                            ],
                            "isInner": true,
                            "elType": "container"
                        },
                        {
                            "id": "504b4c49",
                            "settings": {
                                "padding": {
                                    "unit": "px",
                                    "top": "0",
                                    "right": "0",
                                    "bottom": "0",
                                    "left": "0",
                                    "isLinked": false
                                },
                                "content_width": "full"
                            },
                            "elements": [
                                {
                                    "id": "1c47844d",
                                    "settings": {
                                        "mf_input_label": "Email",
                                        "mf_input_name": "mf-email",
                                        "mf_input_placeholder": "example@mail.com",
                                        "mf_input_required": "yes",
                                        "mf_input_label_margin": {
                                            "unit": "px",
                                            "top": "0",
                                            "right": "0",
                                            "bottom": "0",
                                            "left": "0",
                                            "isLinked": false
                                        },
                                        "mf_input_padding": {
                                            "unit": "px",
                                            "top": "14",
                                            "right": "0",
                                            "bottom": "14",
                                            "left": "0",
                                            "isLinked": false
                                        },
                                        "mf_input_border_border": "solid",
                                        "mf_input_border_width": {
                                            "unit": "px",
                                            "top": "0",
                                            "right": "0",
                                            "bottom": "1",
                                            "left": "0",
                                            "isLinked": false
                                        },
                                        "mf_input_validation_warning_message": "This field is required.",
                                        "mf_conditional_logic_form_list": [],
                                        "mf_input_background_background": "classic",
                                        "mf_input_background_color": "#F6F7FA00",
                                        "mf_input_background_hover_color": "#FFFFFF00",
                                        "mf_input_background_focus_background": "classic",
                                        "mf_input_background_focus_color": "#FFFFFF00",
                                        "ekit_all_conditions_list": [
                                            {
                                                "_id": "30812ac"
                                            }
                                        ],
                                        "ekit_adv_tooltip_content": "Tooltip Content.",
                                        "mf_input_border_focus_border": "solid",
                                        "mf_input_help_text_typography_typography": "custom",
                                        "mf_input_help_text_typography_font_family": "IBM Plex Sans",
                                        "mf_input_help_text_typography_font_size": {
                                            "unit": "px",
                                            "size": 13,
                                            "sizes": []
                                        },
                                        "mf_input_help_text_typography_font_weight": "400",
                                        "mf_input_help_text_typography_line_height": {
                                            "unit": "px",
                                            "size": 17,
                                            "sizes": []
                                        },
                                        "mf_input_help_text_typography_line_height_tablet": {
                                            "unit": "px",
                                            "size": "",
                                            "sizes": []
                                        },
                                        "mf_input_help_text_typography_line_height_mobile": {
                                            "unit": "px",
                                            "size": "",
                                            "sizes": []
                                        },
                                        "mf_input_help_text_color": "#96989F",
                                        "__globals__": {
                                            "mf_input_required_indicator_color": "globals\/colors?id=c0a5c79",
                                            "mf_input_warning_text_color": "globals\/colors?id=c0a5c79",
                                            "mf_input_warning_text_typography_typography": "globals\/typography?id=text",
                                            "mf_input_color": "globals\/colors?id=c0a5c79",
                                            "mf_input_color_hover": "globals\/colors?id=c0a5c79",
                                            "mf_input_color_focus": "globals\/colors?id=c0a5c79",
                                            "mf_input_border_color": "",
                                            "mf_input_typgraphy_typography": "globals\/typography?id=text",
                                            "mf_input_place_holder_typography_typography": "globals\/typography?id=text",
                                            "mf_input_placeholder_color": "globals\/colors?id=c0a5c79",
                                            "mf_input_border_focus_color": "",
                                            "mf_input_label_color": "globals\/colors?id=c0a5c79",
                                            "mf_input_label_typography_typography": "globals\/typography?id=accent",
                                            "mf_input_border_hover_color": ""
                                        },
                                        "mf_input_margin": {
                                            "unit": "px",
                                            "top": "0",
                                            "right": "0",
                                            "bottom": "0",
                                            "left": "0",
                                            "isLinked": false
                                        },
                                        "mf_input_background_hover_background": "classic",
                                        "mf_input_border_hover_border": "solid",
                                        "show_login_email": "",
                                        "mf_input_color_hover": "#FEFDF7",
                                        "mf_input_color_focus": "#FEFDF7",
                                        "mf_input_warning_text_color": "#2C2925",
                                        "mf_input_color": "#FEFDF7",
                                        "mf_input_placeholder_color": "#585654",
                                        "mf_input_label_color": "#FEFDF7",
                                        "mf_input_required_indicator_color": "#2C2925",
                                        "mf_input_border_color": "#FEFDF730",
                                        "mf_input_border_hover_color": "#FEFDF7D1",
                                        "mf_input_border_focus_color": "#FEFDF7D1"
                                    },
                                    "elements": [],
                                    "isInner": false,
                                    "widgetType": "mf-email",
                                    "elType": "widget"
                                }
                            ],
                            "isInner": true,
                            "elType": "container"
                        }
                    ],
                    "isInner": true,
                    "elType": "container"
                },
                {
                    "id": "558206bf",
                    "settings": {
                        "flex_direction": "column",
                        "flex_gap": {
                            "column": "20",
                            "row": "20",
                            "isLinked": true,
                            "unit": "px",
                            "size": 20
                        },
                        "flex_wrap": "wrap",
                        "padding": {
                            "unit": "px",
                            "top": "0",
                            "right": "0",
                            "bottom": "0",
                            "left": "0",
                            "isLinked": false
                        },
                        "margin": {
                            "unit": "px",
                            "top": "0",
                            "right": "0",
                            "bottom": "10",
                            "left": "0",
                            "isLinked": false
                        }
                    },
                    "elements": [
                        {
                            "id": "78cbb7ec",
                            "settings": {
                                "mf_input_label": "Message",
                                "mf_input_name": "mf-comment",
                                "mf_input_placeholder": "Hello there!",
                                "mf_input_required": "yes",
                                "mf_input_label_margin": {
                                    "unit": "px",
                                    "top": "0",
                                    "right": "0",
                                    "bottom": "0",
                                    "left": "0",
                                    "isLinked": false
                                },
                                "mf_input_padding": {
                                    "unit": "px",
                                    "top": "14",
                                    "right": "0",
                                    "bottom": "14",
                                    "left": "0",
                                    "isLinked": false
                                },
                                "mf_input_border_border": "solid",
                                "mf_input_border_width": {
                                    "unit": "px",
                                    "top": "0",
                                    "right": "0",
                                    "bottom": "1",
                                    "left": "0",
                                    "isLinked": false
                                },
                                "mf_textarea_field_height": {
                                    "unit": "px",
                                    "size": 180,
                                    "sizes": []
                                },
                                "mf_input_validation_warning_message": "This field is required.",
                                "mf_conditional_logic_form_list": [],
                                "mf_input_background_background": "classic",
                                "mf_input_background_color": "#F6F7FA00",
                                "mf_input_background_hover_color": "#FFFFFF00",
                                "mf_input_background_focus_background": "classic",
                                "mf_input_background_focus_color": "#FFFFFF00",
                                "ekit_all_conditions_list": [
                                    {
                                        "_id": "6609fcf"
                                    }
                                ],
                                "ekit_adv_tooltip_content": "Tooltip Content.",
                                "mf_input_border_focus_border": "solid",
                                "mf_input_help_text_typography_typography": "custom",
                                "mf_input_help_text_typography_font_family": "IBM Plex Sans",
                                "mf_input_help_text_typography_font_size": {
                                    "unit": "px",
                                    "size": 13,
                                    "sizes": []
                                },
                                "mf_input_help_text_typography_font_weight": "400",
                                "mf_input_help_text_typography_line_height": {
                                    "unit": "px",
                                    "size": 17,
                                    "sizes": []
                                },
                                "mf_input_help_text_typography_line_height_tablet": {
                                    "unit": "px",
                                    "size": "",
                                    "sizes": []
                                },
                                "mf_input_help_text_typography_line_height_mobile": {
                                    "unit": "px",
                                    "size": "",
                                    "sizes": []
                                },
                                "mf_input_help_text_color": "#96989F",
                                "__globals__": {
                                    "mf_input_required_indicator_color": "globals\/colors?id=c0a5c79",
                                    "mf_input_warning_text_color": "globals\/colors?id=c0a5c79",
                                    "mf_input_warning_text_typography_typography": "globals\/typography?id=text",
                                    "mf_input_color": "globals\/colors?id=c0a5c79",
                                    "mf_input_color_hover": "globals\/colors?id=c0a5c79",
                                    "mf_input_color_focus": "globals\/colors?id=c0a5c79",
                                    "mf_input_border_color": "",
                                    "mf_input_typgraphy_typography": "globals\/typography?id=text",
                                    "mf_input_place_holder_typography_typography": "globals\/typography?id=text",
                                    "mf_input_placeholder_color": "globals\/colors?id=c0a5c79",
                                    "mf_input_border_focus_color": "",
                                    "mf_input_label_color": "globals\/colors?id=c0a5c79",
                                    "mf_input_label_typography_typography": "globals\/typography?id=accent",
                                    "mf_input_border_hover_color": ""
                                },
                                "mf_input_margin": {
                                    "unit": "px",
                                    "top": "0",
                                    "right": "0",
                                    "bottom": "0",
                                    "left": "0",
                                    "isLinked": false
                                },
                                "mf_input_background_hover_background": "classic",
                                "mf_input_border_hover_border": "solid",
                                "mf_input_color_hover": "#FEFDF7",
                                "mf_input_color_focus": "#FEFDF7",
                                "mf_input_warning_text_color": "#2C2925",
                                "mf_input_color": "#FEFDF7",
                                "mf_input_placeholder_color": "#585654",
                                "mf_input_label_color": "#FEFDF7",
                                "mf_input_required_indicator_color": "#2C2925",
                                "mf_input_border_color": "#FEFDF730",
                                "mf_input_border_hover_color": "#FEFDF7D1",
                                "mf_input_border_focus_color": "#FEFDF7D1"
                            },
                            "elements": [],
                            "isInner": false,
                            "widgetType": "mf-textarea",
                            "elType": "widget"
                        }
                    ],
                    "isInner": true,
                    "elType": "container"
                },
                {
                    "id": "1b3753c8",
                    "settings": {
                        "mf_btn_text": "Submit Form",
                        "mf_btn_text_padding": {
                            "unit": "px",
                            "top": "0",
                            "right": "0",
                            "bottom": "3",
                            "left": "0",
                            "isLinked": false
                        },
                        "mf_btn_bg_color_background": "classic",
                        "mf_btn_box_shadow_group_box_shadow_type": "yes",
                        "mf_btn_box_shadow_group_box_shadow": {
                            "horizontal": 0,
                            "vertical": 0,
                            "blur": 0,
                            "spread": 0,
                            "color": "rgba(0, 0, 0, 0)"
                        },
                        "mf_conditional_logic_form_list": [],
                        "mf_hidden_input": [],
                        "mf_btn_bg_hover_color_background": "classic",
                        "mf_btn_border_radius": {
                            "unit": "px",
                            "top": "0",
                            "right": "0",
                            "bottom": "0",
                            "left": "0",
                            "isLinked": true
                        },
                        "ekit_all_conditions_list": [
                            {
                                "_id": "eed14b8"
                            }
                        ],
                        "ekit_adv_tooltip_content": "Tooltip Content.",
                        "_box_shadow_hover_box_shadow": {
                            "horizontal": 0,
                            "vertical": 2,
                            "blur": 4,
                            "spread": 0,
                            "color": "rgba(2.9999999999999996, 28.00000000000002, 90, 0.4)"
                        },
                        "_border_radius": {
                            "unit": "px",
                            "top": "0",
                            "right": "0",
                            "bottom": "0",
                            "left": "0",
                            "isLinked": true
                        },
                        "_margin": {
                            "unit": "px",
                            "top": "0",
                            "right": "0",
                            "bottom": "0",
                            "left": "0",
                            "isLinked": false
                        },
                        "mf_btn_shadow_text_shadow_type": "yes",
                        "mf_btn_shadow_text_shadow": {
                            "horizontal": 0,
                            "vertical": 0,
                            "blur": 10,
                            "color": "rgba(0, 0, 0, 0)"
                        },
                        "mf_btn_border_style": "solid",
                        "mf_btn_border_dimensions": {
                            "unit": "px",
                            "top": "0",
                            "right": "0",
                            "bottom": "1",
                            "left": "0",
                            "isLinked": false
                        },
                        "_margin_mobile": {
                            "unit": "px",
                            "top": "0",
                            "right": "0",
                            "bottom": "0",
                            "left": "0",
                            "isLinked": false
                        },
                        "__globals__": {
                            "mf_btn_typography_typography": "globals\/typography?id=accent",
                            "mf_btn_text_color": "globals\/colors?id=c0a5c79",
                            "mf_btn_border_color": "",
                            "mf_btn_bg_hover_color_color": "",
                            "mf_btn_bg_color_color": "",
                            "mf_btn_hover_color": "globals\/colors?id=c0a5c79",
                            "mf_btn_hover_border_color": "globals\/colors?id=c0a5c79",
                            "mf_btn_focus_color": "globals\/colors?id=c0a5c79",
                            "mf_btn_bg_focus_color_color": ""
                        },
                        "mf_btn_align_mobile": "center",
                        "mf_btn_align_tablet": "center",
                        "mf_btn_bg_color_color": "#3F322200",
                        "mf_btn_border_color": "#FEFDF730",
                        "mf_btn_hover_border_color": "#3F3222",
                        "mf_btn_bg_focus_color_background": "classic",
                        "mf_btn_text_color": "#FEFDF7",
                        "mf_btn_hover_color": "#FEFDF7",
                        "mf_btn_bg_hover_color_color": "#2C292500",
                        "mf_btn_focus_color": "#FEFDF7",
                        "mf_btn_bg_focus_color_color": "#2C292500"
                    },
                    "elements": [],
                    "isInner": false,
                    "widgetType": "mf-button",
                    "elType": "widget"
                }
            ],
            "isInner": false,
            "elType": "container"
        }
    ],
    "page_settings": {
        "hide_title": "yes",
        "background_background": "classic",
        "__globals__": {
            "background_color": "globals\/colors?id=primary"
        },
        "template": "elementor_canvas"
    }
}