{
    "version": "0.4",
    "title": "Form Newsletter",
    "type": "section",
    "metadata": {
        "template_type": "section-other",
        "include_in_zip": "1",
        "elementor_pro_required": null,
        "wp_page_template": "elementor_canvas"
    },
    "content": [
        {
            "id": "687a9a5c",
            "settings": {
                "flex_direction": "column",
                "padding": {
                    "unit": "px",
                    "top": "0",
                    "right": "0",
                    "bottom": "0",
                    "left": "0",
                    "isLinked": false
                },
                "boxed_width": {
                    "unit": "px",
                    "size": 600,
                    "sizes": []
                },
                "flex_justify_content": "flex-start",
                "flex_align_items": "flex-start"
            },
            "elements": [
                {
                    "id": "1bd173b0",
                    "settings": {
                        "flex_direction": "row",
                        "flex_gap": {
                            "column": "0",
                            "row": "0",
                            "isLinked": true,
                            "unit": "px",
                            "size": 0
                        },
                        "border_border": "solid",
                        "border_width": {
                            "unit": "px",
                            "top": "0",
                            "right": "0",
                            "bottom": "1",
                            "left": "0",
                            "isLinked": false
                        },
                        "border_hover_border": "solid",
                        "padding": {
                            "unit": "px",
                            "top": "0",
                            "right": "0",
                            "bottom": "0",
                            "left": "0",
                            "isLinked": false
                        },
                        "__globals__": {
                            "border_color": "",
                            "border_hover_color": ""
                        },
                        "border_color": "#FEFDF730",
                        "border_hover_color": "#FEFDF7D4"
                    },
                    "elements": [
                        {
                            "id": "b7186b8",
                            "settings": {
                                "_column_size": 50,
                                "width": {
                                    "unit": "%",
                                    "size": 85,
                                    "sizes": []
                                },
                                "padding": {
                                    "unit": "px",
                                    "top": "0",
                                    "right": "0",
                                    "bottom": "0",
                                    "left": "0",
                                    "isLinked": false
                                },
                                "width_mobile": {
                                    "unit": "%",
                                    "size": 86,
                                    "sizes": []
                                },
                                "__globals__": {
                                    "border_color": "",
                                    "border_hover_color": "globals\/colors?id=2d3cc7f"
                                },
                                "content_width": "full",
                                "width_tablet": {
                                    "unit": "%",
                                    "size": 88,
                                    "sizes": []
                                }
                            },
                            "elements": [
                                {
                                    "id": "7276c689",
                                    "settings": {
                                        "mf_input_label_status": "",
                                        "mf_input_label": "Email",
                                        "mf_input_name": "mf-email",
                                        "mf_input_placeholder": "Your email",
                                        "mf_input_required": "yes",
                                        "mf_input_validation_warning_message": "This field is required.",
                                        "mf_input_padding": {
                                            "unit": "px",
                                            "top": "14",
                                            "right": "0",
                                            "bottom": "14",
                                            "left": "0",
                                            "isLinked": false
                                        },
                                        "mf_input_margin": {
                                            "unit": "px",
                                            "top": "0",
                                            "right": "0",
                                            "bottom": "0",
                                            "left": "0",
                                            "isLinked": false
                                        },
                                        "mf_input_background_background": "classic",
                                        "mf_input_background_color": "#FFFFFF00",
                                        "mf_input_border_border": "solid",
                                        "mf_input_border_width": {
                                            "unit": "px",
                                            "top": "0",
                                            "right": "0",
                                            "bottom": "0",
                                            "left": "0",
                                            "isLinked": false
                                        },
                                        "__globals__": {
                                            "mf_input_warning_text_typography_typography": "globals\/typography?id=text",
                                            "mf_input_typgraphy_typography": "globals\/typography?id=text",
                                            "mf_input_place_holder_typography_typography": "globals\/typography?id=text",
                                            "mf_error_message_typography_typography": "globals\/typography?id=text",
                                            "mf_input_required_indicator_color": "globals\/colors?id=c0a5c79",
                                            "mf_input_warning_text_color": "globals\/colors?id=c0a5c79",
                                            "mf_input_placeholder_color": "globals\/colors?id=c0a5c79",
                                            "mf_error_message_color": "globals\/colors?id=c0a5c79",
                                            "mf_input_color": "globals\/colors?id=c0a5c79",
                                            "mf_input_color_hover": "globals\/colors?id=c0a5c79",
                                            "mf_input_color_focus": "globals\/colors?id=c0a5c79"
                                        },
                                        "mf_error_message_padding": {
                                            "unit": "px",
                                            "top": "0",
                                            "right": "0",
                                            "bottom": "0",
                                            "left": "0",
                                            "isLinked": false
                                        },
                                        "mf_error_message_margin": {
                                            "unit": "px",
                                            "top": "0",
                                            "right": "0",
                                            "bottom": "0",
                                            "left": "0",
                                            "isLinked": false
                                        },
                                        "mf_input_border_color": "#FFFFFF52"
                                    },
                                    "elements": [],
                                    "isInner": false,
                                    "widgetType": "mf-email",
                                    "elType": "widget"
                                }
                            ],
                            "isInner": true,
                            "elType": "container"
                        },
                        {
                            "id": "f58a689",
                            "settings": {
                                "_column_size": 50,
                                "width": {
                                    "unit": "%",
                                    "size": 15,
                                    "sizes": []
                                },
                                "flex_justify_content": "center",
                                "padding": {
                                    "unit": "px",
                                    "top": "0",
                                    "right": "0",
                                    "bottom": "0",
                                    "left": "0",
                                    "isLinked": false
                                },
                                "width_mobile": {
                                    "unit": "%",
                                    "size": 14,
                                    "sizes": []
                                },
                                "__globals__": {
                                    "border_color": "",
                                    "border_hover_color": "globals\/colors?id=2d3cc7f"
                                },
                                "content_width": "full",
                                "width_tablet": {
                                    "unit": "%",
                                    "size": 12,
                                    "sizes": []
                                }
                            },
                            "elements": [
                                {
                                    "id": "545f057c",
                                    "settings": {
                                        "mf_btn_text": "",
                                        "mf_btn_align": "right",
                                        "mf_btn_icon": {
                                            "value": "icon icon-arrow-right",
                                            "library": "ekiticons"
                                        },
                                        "mf_hidden_input": [],
                                        "mf_btn_text_padding": {
                                            "unit": "px",
                                            "top": "4",
                                            "right": "0",
                                            "bottom": "0",
                                            "left": "0",
                                            "isLinked": false
                                        },
                                        "mf_btn_bg_color_background": "classic",
                                        "mf_btn_bg_hover_color_background": "classic",
                                        "mf_btn_border_radius": {
                                            "unit": "px",
                                            "top": "500",
                                            "right": "500",
                                            "bottom": "500",
                                            "left": "500",
                                            "isLinked": true
                                        },
                                        "mf_btn_box_shadow_group_box_shadow_type": "yes",
                                        "mf_btn_box_shadow_group_box_shadow": {
                                            "horizontal": 0,
                                            "vertical": 0,
                                            "blur": 10,
                                            "spread": 0,
                                            "color": "rgba(0, 0, 0, 0)"
                                        },
                                        "__globals__": {
                                            "mf_btn_typography_typography": "globals\/typography?id=accent",
                                            "mf_btn_bg_color_color": "",
                                            "mf_btn_bg_hover_color_color": "",
                                            "mf_btn_text_color": "globals\/colors?id=secondary",
                                            "mf_btn_hover_color": "globals\/colors?id=secondary",
                                            "mf_btn_normal_icon_color": "globals\/colors?id=c0a5c79",
                                            "mf_btn_hover_icon_color": "globals\/colors?id=c0a5c79",
                                            "mf_btn_focus_color": "globals\/colors?id=secondary"
                                        },
                                        "mf_btn_bg_color_color": "#FFFFFF00",
                                        "mf_btn_bg_hover_color_color": "#42413D00",
                                        "mf_btn_normal_icon_font_size": {
                                            "unit": "px",
                                            "size": 22,
                                            "sizes": []
                                        }
                                    },
                                    "elements": [],
                                    "isInner": false,
                                    "widgetType": "mf-button",
                                    "elType": "widget"
                                }
                            ],
                            "isInner": true,
                            "elType": "container"
                        }
                    ],
                    "isInner": true,
                    "elType": "container"
                }
            ],
            "isInner": false,
            "elType": "container"
        }
    ],
    "page_settings": {
        "hide_title": "yes",
        "background_background": "classic",
        "__globals__": {
            "background_color": "globals\/colors?id=primary"
        },
        "template": "elementor_canvas"
    }
}