{
    "version": "0.4",
    "title": "Global Kit Styles",
    "type": "section",
    "metadata": {
        "template_type": "global-styles",
        "include_in_zip": "1",
        "elementor_pro_required": null,
        "additional_template_information": [
            "These are the global theme styles configured through the Elementor Theme Styles area."
        ],
        "wp_page_template": "default"
    },
    "content": [],
    "page_settings": {
        "colors_enable_styleguide_preview": "yes",
        "system_colors": [
            {
                "_id": "primary",
                "title": "Primary",
                "color": "#2C2925"
            },
            {
                "_id": "secondary",
                "title": "Secondary",
                "color": "#82807D"
            },
            {
                "_id": "text",
                "title": "Text",
                "color": "#585654"
            },
            {
                "_id": "accent",
                "title": "Accent",
                "color": "#3F3222"
            }
        ],
        "custom_colors": [
            {
                "_id": "c0a5c79",
                "title": "Background",
                "color": "#FEFDF7"
            }
        ],
        "system_typography": [
            {
                "_id": "primary",
                "title": "H1 Heading",
                "typography_typography": "custom",
                "typography_font_family": "Instrument Sans",
                "typography_font_weight": "400",
                "typography_font_size": {
                    "unit": "px",
                    "size": 80,
                    "sizes": []
                },
                "typography_text_transform": "none",
                "typography_font_style": "normal",
                "typography_text_decoration": "none",
                "typography_line_height": {
                    "unit": "em",
                    "size": 1.2,
                    "sizes": []
                },
                "typography_letter_spacing": {
                    "unit": "px",
                    "size": -1.2,
                    "sizes": []
                },
                "typography_font_size_tablet": {
                    "unit": "px",
                    "size": 66,
                    "sizes": []
                },
                "typography_font_size_mobile": {
                    "unit": "px",
                    "size": 50,
                    "sizes": []
                }
            },
            {
                "_id": "secondary",
                "title": "H2 Heading",
                "typography_typography": "custom",
                "typography_font_family": "Instrument Sans",
                "typography_font_weight": "400",
                "typography_font_size": {
                    "unit": "px",
                    "size": 56,
                    "sizes": []
                },
                "typography_text_transform": "none",
                "typography_font_style": "normal",
                "typography_text_decoration": "none",
                "typography_line_height": {
                    "unit": "em",
                    "size": 1.2,
                    "sizes": []
                },
                "typography_letter_spacing": {
                    "unit": "px",
                    "size": -1,
                    "sizes": []
                },
                "typography_font_size_tablet": {
                    "unit": "px",
                    "size": 48,
                    "sizes": []
                },
                "typography_font_size_mobile": {
                    "unit": "px",
                    "size": 40,
                    "sizes": []
                }
            },
            {
                "_id": "text",
                "title": "Text",
                "typography_typography": "custom",
                "typography_font_family": "Instrument Sans",
                "typography_font_weight": "400",
                "typography_font_size": {
                    "unit": "px",
                    "size": 16,
                    "sizes": []
                },
                "typography_text_transform": "none",
                "typography_font_style": "normal",
                "typography_text_decoration": "none",
                "typography_line_height": {
                    "unit": "em",
                    "size": 1.6,
                    "sizes": []
                },
                "typography_letter_spacing": {
                    "unit": "px",
                    "size": 0,
                    "sizes": []
                },
                "typography_font_size_tablet": {
                    "unit": "px",
                    "size": 15,
                    "sizes": []
                },
                "typography_font_size_mobile": {
                    "unit": "px",
                    "size": 15,
                    "sizes": []
                }
            },
            {
                "_id": "accent",
                "title": "Button",
                "typography_typography": "custom",
                "typography_font_family": "Instrument Sans",
                "typography_font_weight": "500",
                "typography_font_size": {
                    "unit": "px",
                    "size": 12,
                    "sizes": []
                },
                "typography_text_transform": "uppercase",
                "typography_font_style": "normal",
                "typography_text_decoration": "none",
                "typography_letter_spacing": {
                    "unit": "px",
                    "size": 1,
                    "sizes": []
                },
                "typography_font_size_tablet": {
                    "unit": "px",
                    "size": 11,
                    "sizes": []
                },
                "typography_font_size_mobile": {
                    "unit": "px",
                    "size": 11,
                    "sizes": []
                }
            }
        ],
        "custom_typography": [
            {
                "typography_typography": "custom",
                "typography_font_family": "Instrument Serif",
                "typography_font_size": {
                    "unit": "px",
                    "size": 80,
                    "sizes": []
                },
                "typography_font_size_tablet": {
                    "unit": "px",
                    "size": 66,
                    "sizes": []
                },
                "typography_font_size_mobile": {
                    "unit": "px",
                    "size": 50,
                    "sizes": []
                },
                "typography_font_weight": "400",
                "typography_text_transform": "none",
                "typography_font_style": "italic",
                "typography_text_decoration": "none",
                "typography_line_height": {
                    "unit": "em",
                    "size": 1.1,
                    "sizes": []
                },
                "typography_letter_spacing": {
                    "unit": "px",
                    "size": 0,
                    "sizes": []
                },
                "_id": "a0940c8",
                "title": "H1 Focused"
            },
            {
                "typography_typography": "custom",
                "typography_font_family": "Instrument Serif",
                "typography_font_size": {
                    "unit": "px",
                    "size": 56,
                    "sizes": []
                },
                "typography_font_size_tablet": {
                    "unit": "px",
                    "size": 48,
                    "sizes": []
                },
                "typography_font_size_mobile": {
                    "unit": "px",
                    "size": 40,
                    "sizes": []
                },
                "typography_font_weight": "400",
                "typography_text_transform": "none",
                "typography_font_style": "italic",
                "typography_text_decoration": "none",
                "typography_line_height": {
                    "unit": "em",
                    "size": 1.1,
                    "sizes": []
                },
                "typography_letter_spacing": {
                    "unit": "px",
                    "size": 0,
                    "sizes": []
                },
                "_id": "a08c0fa",
                "title": "H2 Focused"
            },
            {
                "typography_typography": "custom",
                "typography_font_family": "Instrument Sans",
                "typography_font_size": {
                    "unit": "px",
                    "size": 32,
                    "sizes": []
                },
                "typography_font_size_tablet": {
                    "unit": "px",
                    "size": 28,
                    "sizes": []
                },
                "typography_font_size_mobile": {
                    "unit": "px",
                    "size": 27,
                    "sizes": []
                },
                "typography_font_weight": "400",
                "typography_text_transform": "none",
                "typography_font_style": "normal",
                "typography_text_decoration": "none",
                "typography_line_height": {
                    "unit": "em",
                    "size": 1.3,
                    "sizes": []
                },
                "typography_line_height_tablet": {
                    "unit": "px",
                    "size": "",
                    "sizes": []
                },
                "typography_line_height_mobile": {
                    "unit": "px",
                    "size": "",
                    "sizes": []
                },
                "typography_letter_spacing": {
                    "unit": "px",
                    "size": -0.7,
                    "sizes": []
                },
                "_id": "d96c326",
                "title": "H3 Heading"
            },
            {
                "typography_typography": "custom",
                "typography_font_family": "Instrument Serif",
                "typography_font_size": {
                    "unit": "px",
                    "size": 32,
                    "sizes": []
                },
                "typography_font_size_tablet": {
                    "unit": "px",
                    "size": 28,
                    "sizes": []
                },
                "typography_font_size_mobile": {
                    "unit": "px",
                    "size": 27,
                    "sizes": []
                },
                "typography_font_weight": "400",
                "typography_text_transform": "none",
                "typography_font_style": "italic",
                "typography_text_decoration": "none",
                "typography_line_height": {
                    "unit": "em",
                    "size": 1.3,
                    "sizes": []
                },
                "typography_line_height_tablet": {
                    "unit": "px",
                    "size": "",
                    "sizes": []
                },
                "typography_line_height_mobile": {
                    "unit": "px",
                    "size": "",
                    "sizes": []
                },
                "typography_letter_spacing": {
                    "unit": "px",
                    "size": 0,
                    "sizes": []
                },
                "_id": "a2b38e6",
                "title": "H3 Focused"
            },
            {
                "typography_typography": "custom",
                "typography_font_family": "Instrument Sans",
                "typography_font_size": {
                    "unit": "px",
                    "size": 25,
                    "sizes": []
                },
                "typography_font_size_tablet": {
                    "unit": "px",
                    "size": 23,
                    "sizes": []
                },
                "typography_font_size_mobile": {
                    "unit": "px",
                    "size": 22,
                    "sizes": []
                },
                "typography_font_weight": "400",
                "typography_text_transform": "none",
                "typography_font_style": "normal",
                "typography_text_decoration": "none",
                "typography_line_height": {
                    "unit": "em",
                    "size": 1.4,
                    "sizes": []
                },
                "typography_letter_spacing": {
                    "unit": "px",
                    "size": -0.5,
                    "sizes": []
                },
                "_id": "0fe436f",
                "title": "H4 Heading"
            },
            {
                "typography_typography": "custom",
                "typography_font_family": "Instrument Serif",
                "typography_font_size": {
                    "unit": "px",
                    "size": 25,
                    "sizes": []
                },
                "typography_font_size_tablet": {
                    "unit": "px",
                    "size": 23,
                    "sizes": []
                },
                "typography_font_size_mobile": {
                    "unit": "px",
                    "size": 22,
                    "sizes": []
                },
                "typography_font_weight": "400",
                "typography_text_transform": "none",
                "typography_font_style": "italic",
                "typography_text_decoration": "none",
                "typography_line_height": {
                    "unit": "em",
                    "size": 1.4,
                    "sizes": []
                },
                "typography_letter_spacing": {
                    "unit": "px",
                    "size": 0,
                    "sizes": []
                },
                "_id": "f54fbf1",
                "title": "H4 Focused"
            },
            {
                "typography_typography": "custom",
                "typography_font_family": "Instrument Sans",
                "typography_font_size": {
                    "unit": "px",
                    "size": 20,
                    "sizes": []
                },
                "typography_font_size_tablet": {
                    "unit": "px",
                    "size": 19,
                    "sizes": []
                },
                "typography_font_size_mobile": {
                    "unit": "px",
                    "size": 18,
                    "sizes": []
                },
                "typography_font_weight": "400",
                "typography_text_transform": "none",
                "typography_text_decoration": "none",
                "typography_line_height": {
                    "unit": "em",
                    "size": 1.4,
                    "sizes": []
                },
                "typography_letter_spacing": {
                    "unit": "px",
                    "size": -0.5,
                    "sizes": []
                },
                "_id": "8eb4097",
                "title": "H5 Heading"
            },
            {
                "typography_typography": "custom",
                "typography_font_family": "Instrument Serif",
                "typography_font_size": {
                    "unit": "px",
                    "size": 20,
                    "sizes": []
                },
                "typography_font_size_tablet": {
                    "unit": "px",
                    "size": 19,
                    "sizes": []
                },
                "typography_font_size_mobile": {
                    "unit": "px",
                    "size": 18,
                    "sizes": []
                },
                "typography_font_weight": "400",
                "typography_text_transform": "none",
                "typography_font_style": "italic",
                "typography_text_decoration": "none",
                "typography_line_height": {
                    "unit": "em",
                    "size": 1.3,
                    "sizes": []
                },
                "typography_letter_spacing": {
                    "unit": "px",
                    "size": 0,
                    "sizes": []
                },
                "_id": "0ba1067",
                "title": "H5 Focused"
            },
            {
                "typography_typography": "custom",
                "typography_font_family": "Instrument Sans",
                "typography_font_size": {
                    "unit": "px",
                    "size": 17,
                    "sizes": []
                },
                "typography_font_size_tablet": {
                    "unit": "px",
                    "size": 16,
                    "sizes": []
                },
                "typography_font_size_mobile": {
                    "unit": "px",
                    "size": 15,
                    "sizes": []
                },
                "typography_font_weight": "400",
                "typography_text_transform": "none",
                "typography_font_style": "normal",
                "typography_text_decoration": "none",
                "typography_line_height": {
                    "unit": "em",
                    "size": 1.6,
                    "sizes": []
                },
                "typography_letter_spacing": {
                    "unit": "px",
                    "size": 0,
                    "sizes": []
                },
                "_id": "a55f9fe",
                "title": "H6 Heading"
            },
            {
                "typography_typography": "custom",
                "typography_font_family": "Instrument Serif",
                "typography_font_size": {
                    "unit": "px",
                    "size": 17,
                    "sizes": []
                },
                "typography_font_size_tablet": {
                    "unit": "px",
                    "size": 16,
                    "sizes": []
                },
                "typography_font_size_mobile": {
                    "unit": "px",
                    "size": 15,
                    "sizes": []
                },
                "typography_font_weight": "500",
                "typography_text_transform": "none",
                "typography_font_style": "italic",
                "typography_text_decoration": "none",
                "typography_line_height": {
                    "unit": "em",
                    "size": 1.6,
                    "sizes": []
                },
                "typography_letter_spacing": {
                    "unit": "px",
                    "size": 0,
                    "sizes": []
                },
                "_id": "e4e5261",
                "title": "H6 Focused"
            },
            {
                "typography_typography": "custom",
                "typography_font_family": "Instrument Sans",
                "typography_font_size": {
                    "unit": "px",
                    "size": 13,
                    "sizes": []
                },
                "typography_font_size_tablet": {
                    "unit": "px",
                    "size": 12,
                    "sizes": []
                },
                "typography_font_weight": "500",
                "typography_text_transform": "uppercase",
                "typography_font_style": "normal",
                "typography_text_decoration": "none",
                "typography_line_height": {
                    "unit": "em",
                    "size": 1.6,
                    "sizes": []
                },
                "typography_letter_spacing": {
                    "unit": "px",
                    "size": 3,
                    "sizes": []
                },
                "_id": "c27c173",
                "title": "Accent Text"
            },
            {
                "typography_typography": "custom",
                "typography_font_family": "Instrument Sans",
                "typography_font_size": {
                    "unit": "px",
                    "size": 56,
                    "sizes": []
                },
                "typography_font_size_tablet": {
                    "unit": "px",
                    "size": 52,
                    "sizes": []
                },
                "typography_font_size_mobile": {
                    "unit": "px",
                    "size": 50,
                    "sizes": []
                },
                "typography_font_weight": "400",
                "typography_text_transform": "none",
                "typography_font_style": "normal",
                "typography_text_decoration": "none",
                "typography_line_height": {
                    "unit": "em",
                    "size": 1.2,
                    "sizes": []
                },
                "typography_letter_spacing": {
                    "unit": "px",
                    "size": -1,
                    "sizes": []
                },
                "_id": "f8878d7",
                "title": "Counter"
            },
            {
                "typography_typography": "custom",
                "typography_font_family": "Instrument Sans",
                "typography_font_size": {
                    "unit": "px",
                    "size": 12,
                    "sizes": []
                },
                "typography_font_weight": "500",
                "typography_text_transform": "uppercase",
                "typography_font_style": "normal",
                "typography_text_decoration": "none",
                "typography_line_height": {
                    "unit": "em",
                    "size": 1.6,
                    "sizes": []
                },
                "typography_letter_spacing": {
                    "unit": "px",
                    "size": 1,
                    "sizes": []
                },
                "_id": "3a2641b",
                "title": "Header Menu"
            },
            {
                "typography_typography": "custom",
                "typography_font_family": "Instrument Sans",
                "typography_font_size": {
                    "unit": "px",
                    "size": 13,
                    "sizes": []
                },
                "typography_font_weight": "500",
                "typography_text_transform": "none",
                "typography_font_style": "normal",
                "typography_text_decoration": "none",
                "typography_line_height": {
                    "unit": "em",
                    "size": 1.6,
                    "sizes": []
                },
                "typography_letter_spacing": {
                    "unit": "px",
                    "size": 0,
                    "sizes": []
                },
                "_id": "665e12c",
                "title": "Header Submenu"
            }
        ],
        "default_generic_fonts": "Sans-serif",
        "body_background_background": "classic",
        "page_title_selector": "h1.entry-title",
        "hello_footer_copyright_text": "All rights reserved",
        "activeItemIndex": 1,
        "__globals__": {
            "body_background_color": "globals\/colors?id=c0a5c79",
            "mobile_browser_background": "globals\/colors?id=c0a5c79",
            "button_text_color": "globals\/colors?id=accent",
            "button_hover_text_color": "globals\/colors?id=accent",
            "button_hover_border_color": "globals\/colors?id=accent",
            "button_typography_typography": "globals\/typography?id=accent"
        },
        "viewport_md": 768,
        "viewport_lg": 1025,
        "typography_enable_styleguide_preview": "yes",
        "button_background_color": "#02010100",
        "button_border_border": "solid",
        "button_border_width": {
            "unit": "px",
            "top": "0",
            "right": "0",
            "bottom": "1",
            "left": "0",
            "isLinked": false
        },
        "button_border_color": "#3F322230",
        "button_border_radius": {
            "unit": "px",
            "top": "0",
            "right": "0",
            "bottom": "0",
            "left": "0",
            "isLinked": false
        },
        "button_hover_background_color": "#02010100",
        "button_hover_border_border": "solid",
        "button_padding": {
            "unit": "px",
            "top": "0",
            "right": "0",
            "bottom": "3",
            "left": "0",
            "isLinked": false
        }
    }
}