{
    "version": "0.4",
    "title": "Header",
    "type": "section",
    "metadata": {
        "template_type": "section-header",
        "include_in_zip": "1",
        "elementor_pro_required": null,
        "wp_page_template": "elementor_canvas"
    },
    "content": [
        {
            "id": "711a33aa",
            "settings": {
                "flex_direction": "row",
                "flex_gap": {
                    "unit": "px",
                    "size": 0,
                    "column": "0",
                    "row": "0"
                },
                "content_width": "full",
                "margin": {
                    "unit": "px",
                    "top": "0",
                    "right": "0",
                    "bottom": "-69",
                    "left": "0",
                    "isLinked": false
                },
                "padding": {
                    "unit": "px",
                    "top": "20",
                    "right": "30",
                    "bottom": "20",
                    "left": "30",
                    "isLinked": false
                },
                "z_index": 98,
                "flex_wrap": "wrap",
                "margin_tablet": {
                    "unit": "px",
                    "top": "0",
                    "right": "0",
                    "bottom": "-75",
                    "left": "0",
                    "isLinked": false
                },
                "margin_mobile": {
                    "unit": "px",
                    "top": "0",
                    "right": "0",
                    "bottom": "-55",
                    "left": "0",
                    "isLinked": false
                },
                "padding_tablet": {
                    "unit": "px",
                    "top": "20",
                    "right": "20",
                    "bottom": "20",
                    "left": "20",
                    "isLinked": false
                },
                "padding_mobile": {
                    "unit": "px",
                    "top": "10",
                    "right": "20",
                    "bottom": "10",
                    "left": "20",
                    "isLinked": false
                },
                "animation": "fadeIn",
                "_title": "Header"
            },
            "elements": [
                {
                    "id": "755ce455",
                    "settings": {
                        "flex_direction": "column",
                        "content_width": "full",
                        "width": {
                            "unit": "%",
                            "size": "25"
                        },
                        "flex_justify_content": "center",
                        "padding": {
                            "unit": "px",
                            "top": "0",
                            "right": "0",
                            "bottom": "0",
                            "left": "0",
                            "isLinked": false
                        },
                        "width_tablet": {
                            "unit": "%",
                            "size": 25,
                            "sizes": []
                        },
                        "width_mobile": {
                            "unit": "%",
                            "size": 30,
                            "sizes": []
                        }
                    },
                    "elements": [
                        {
                            "id": "2428463e",
                            "settings": {
                                "image": {
                                    "id": 69,
                                    "url": "https:\/\/askproject.net\/tourre\/wp-content\/uploads\/sites\/218\/2025\/01\/logo_Asset-2-1.png",
                                    "alt": "",
                                    "source": "library",
                                    "size": ""
                                },
                                "align": "left",
                                "width": {
                                    "unit": "px",
                                    "size": 85,
                                    "sizes": []
                                },
                                "_border_border": "solid",
                                "_border_width": {
                                    "unit": "px",
                                    "top": "0",
                                    "right": "0",
                                    "bottom": "0",
                                    "left": "0",
                                    "isLinked": false
                                },
                                "_border_width_tablet": {
                                    "unit": "px",
                                    "top": "0",
                                    "right": "0",
                                    "bottom": "0",
                                    "left": "0",
                                    "isLinked": false
                                },
                                "_border_width_mobile": {
                                    "unit": "px",
                                    "top": "0",
                                    "right": "0",
                                    "bottom": "0",
                                    "left": "0",
                                    "isLinked": false
                                },
                                "width_mobile": {
                                    "unit": "px",
                                    "size": 70,
                                    "sizes": []
                                },
                                "width_tablet": {
                                    "unit": "px",
                                    "size": 75,
                                    "sizes": []
                                },
                                "_margin_mobile": {
                                    "unit": "px",
                                    "top": "-2",
                                    "right": "0",
                                    "bottom": "0",
                                    "left": "0",
                                    "isLinked": false
                                },
                                "__globals__": {
                                    "_border_color": ""
                                },
                                "link_to": "custom",
                                "link": {
                                    "url": "#",
                                    "is_external": "",
                                    "nofollow": "",
                                    "custom_attributes": ""
                                },
                                "_border_color": "#FFFFFF63",
                                "_margin": {
                                    "unit": "px",
                                    "top": "0",
                                    "right": "0",
                                    "bottom": "0",
                                    "left": "0",
                                    "isLinked": false
                                },
                                "_margin_tablet": {
                                    "unit": "px",
                                    "top": "0",
                                    "right": "0",
                                    "bottom": "0",
                                    "left": "0",
                                    "isLinked": false
                                },
                                "content_width": "full",
                                "align_tablet": "left",
                                "_background_color_stop_tablet": {
                                    "unit": "%",
                                    "size": "",
                                    "sizes": []
                                },
                                "_background_color_stop_mobile": {
                                    "unit": "%",
                                    "size": "",
                                    "sizes": []
                                },
                                "_background_color_b_stop_tablet": {
                                    "unit": "%",
                                    "size": "",
                                    "sizes": []
                                },
                                "_background_color_b_stop_mobile": {
                                    "unit": "%",
                                    "size": "",
                                    "sizes": []
                                },
                                "_background_gradient_angle_tablet": {
                                    "unit": "deg",
                                    "size": "",
                                    "sizes": []
                                },
                                "_background_gradient_angle_mobile": {
                                    "unit": "deg",
                                    "size": "",
                                    "sizes": []
                                },
                                "_background_gradient_position_tablet": "center center",
                                "_background_gradient_position_mobile": "center center",
                                "_background_hover_color_stop_tablet": {
                                    "unit": "%",
                                    "size": "",
                                    "sizes": []
                                },
                                "_background_hover_color_stop_mobile": {
                                    "unit": "%",
                                    "size": "",
                                    "sizes": []
                                },
                                "_background_hover_color_b_stop_tablet": {
                                    "unit": "%",
                                    "size": "",
                                    "sizes": []
                                },
                                "_background_hover_color_b_stop_mobile": {
                                    "unit": "%",
                                    "size": "",
                                    "sizes": []
                                },
                                "_background_hover_gradient_angle_tablet": {
                                    "unit": "deg",
                                    "size": "",
                                    "sizes": []
                                },
                                "_background_hover_gradient_angle_mobile": {
                                    "unit": "deg",
                                    "size": "",
                                    "sizes": []
                                },
                                "_background_hover_gradient_position_tablet": "center center",
                                "_background_hover_gradient_position_mobile": "center center"
                            },
                            "elements": [],
                            "isInner": false,
                            "widgetType": "image",
                            "elType": "widget"
                        }
                    ],
                    "isInner": true,
                    "elType": "container"
                },
                {
                    "id": "79b71cb9",
                    "settings": {
                        "flex_direction": "column",
                        "content_width": "full",
                        "width": {
                            "unit": "%",
                            "size": "50"
                        },
                        "flex_justify_content": "center",
                        "flex_align_items": "center",
                        "padding": {
                            "unit": "px",
                            "top": "0",
                            "right": "0",
                            "bottom": "0",
                            "left": "0",
                            "isLinked": false
                        },
                        "width_tablet": {
                            "unit": "%",
                            "size": 7,
                            "sizes": []
                        },
                        "width_mobile": {
                            "unit": "%",
                            "size": 15,
                            "sizes": []
                        },
                        "flex_align_items_tablet": "flex-end",
                        "_flex_order_tablet": "end"
                    },
                    "elements": [
                        {
                            "id": "5b763945",
                            "settings": {
                                "elementskit_submenu_container_width": "200px",
                                "elementskit_nav_menu": "header",
                                "elementskit_hamburger_icon": {
                                    "value": "icon icon-menu-7",
                                    "library": "ekiticons"
                                },
                                "elementskit_one_page_enable": "",
                                "elementskit_menubar_background_color": "#0D133300",
                                "elementskit_item_background_hover_color": "#E2000100",
                                "elementskit_nav_menu_active_bg_color_color": "#FFFFFF00",
                                "elementskit_menu_item_spacing": {
                                    "unit": "px",
                                    "top": "0",
                                    "right": "20",
                                    "bottom": "0",
                                    "left": "20",
                                    "isLinked": false
                                },
                                "elementskit_menu_item_spacing_tablet": {
                                    "unit": "px",
                                    "top": "8",
                                    "right": "15",
                                    "bottom": "8",
                                    "left": "30",
                                    "isLinked": false
                                },
                                "elementskit_submenu_item_spacing": {
                                    "unit": "px",
                                    "top": "4",
                                    "right": "15",
                                    "bottom": "5",
                                    "left": "12",
                                    "isLinked": false
                                },
                                "elementskit_menu_item_background_color": "#02010100",
                                "elementskit_menu_item_background_hover_background": "classic",
                                "elementskit_menu_item_background_hover_color": "#FDE3A700",
                                "elementskit_nav_sub_menu_active_bg_color_background": "classic",
                                "elementskit_menu_item_border_width_tablet": {
                                    "unit": "px",
                                    "top": "0",
                                    "right": "0",
                                    "bottom": "0",
                                    "left": "0",
                                    "isLinked": false
                                },
                                "elementskit_menu_item_border_color": "#02010100",
                                "elementskit_menu_item_border_last_child_border": "solid",
                                "elementskit_menu_item_border_last_child_width_tablet": {
                                    "unit": "px",
                                    "top": "0",
                                    "right": "0",
                                    "bottom": "0",
                                    "left": "0",
                                    "isLinked": false
                                },
                                "elementskit_menu_item_border_last_child_color": "#02010100",
                                "elementskit_menu_item_border_first_child_border": "solid",
                                "elementskit_menu_item_border_first_child_width_tablet": {
                                    "unit": "px",
                                    "top": "0",
                                    "right": "0",
                                    "bottom": "0",
                                    "left": "0",
                                    "isLinked": false
                                },
                                "elementskit_menu_item_border_first_child_color": "#02010100",
                                "sub_panel_padding": {
                                    "unit": "px",
                                    "top": "20",
                                    "right": "0",
                                    "bottom": "20",
                                    "left": "20",
                                    "isLinked": false
                                },
                                "sub_panel_padding_tablet": {
                                    "unit": "px",
                                    "top": "10",
                                    "right": "0",
                                    "bottom": "10",
                                    "left": "30",
                                    "isLinked": false
                                },
                                "elementskit_panel_submenu_border_border": "solid",
                                "elementskit_panel_submenu_border_width_tablet": {
                                    "unit": "px",
                                    "top": "0",
                                    "right": "0",
                                    "bottom": "0",
                                    "left": "0",
                                    "isLinked": false
                                },
                                "elementskit_submenu_container_background_background": "classic",
                                "elementskit_submenu_panel_border_radius_tablet": {
                                    "unit": "px",
                                    "top": "0",
                                    "right": "0",
                                    "bottom": "0",
                                    "left": "0",
                                    "isLinked": false
                                },
                                "elementskit_menu_toggle_icon_position_tablet": "right",
                                "elementskit_menu_toggle_spacing_tablet": {
                                    "unit": "px",
                                    "top": "0",
                                    "right": "0",
                                    "bottom": "0",
                                    "left": "0",
                                    "isLinked": false
                                },
                                "elementskit_menu_open_typography_tablet": {
                                    "unit": "px",
                                    "size": 27,
                                    "sizes": []
                                },
                                "elementskit_menu_toggle_background_background": "classic",
                                "elementskit_menu_toggle_background_color": "#2A1A1300",
                                "elementskit_menu_toggle_border_border": "solid",
                                "elementskit_menu_toggle_border_width_tablet": {
                                    "unit": "px",
                                    "top": "0",
                                    "right": "0",
                                    "bottom": "0",
                                    "left": "0",
                                    "isLinked": false
                                },
                                "elementskit_menu_toggle_border_color": "#02010100",
                                "elementskit_menu_close_spacing_tablet": {
                                    "unit": "px",
                                    "top": "0",
                                    "right": "0",
                                    "bottom": "0",
                                    "left": "0",
                                    "isLinked": false
                                },
                                "elementskit_menu_close_border_radius_tablet": {
                                    "unit": "px",
                                    "size": 0,
                                    "sizes": []
                                },
                                "elementskit_menu_close_background_background": "classic",
                                "elementskit_menu_close_background_color": "#FFFFFF00",
                                "elementskit_menu_close_border_border": "solid",
                                "elementskit_menu_close_border_width_tablet": {
                                    "unit": "px",
                                    "top": "0",
                                    "right": "0",
                                    "bottom": "0",
                                    "left": "0",
                                    "isLinked": false
                                },
                                "elementskit_menu_close_border_color": "#02010100",
                                "__globals__": {
                                    "elementskit_content_typography_typography": "globals\/typography?id=3a2641b",
                                    "elementskit_menu_item_typography_typography": "globals\/typography?id=665e12c",
                                    "elementskit_style_tab_submenu_indicator_color_tablet": "globals\/colors?id=accent",
                                    "elementskit_submenu_item_color_tablet": "",
                                    "elementskit_menu_close_typography_typography": "globals\/typography?id=accent",
                                    "elementskit_style_tab_submenu_indicator_color": "",
                                    "elementskit_menu_toggle_icon_color_hover": "",
                                    "elementskit_item_background_hover_color": "",
                                    "elementskit_item_color_hover_tablet": "",
                                    "elementskit_menu_close_icon_color_hover": "globals\/colors?id=primary",
                                    "elementskit_item_color_hover": "",
                                    "elementskit_item_text_color_hover": "globals\/colors?id=primary",
                                    "elementskit_nav_menu_active_text_color": "",
                                    "elementskit_submenu_item_color": "",
                                    "elementskit_nav_sub_menu_active_text_color": "globals\/colors?id=primary",
                                    "elementskit_menu_text_color_tablet": "",
                                    "elementskit_nav_menu_active_text_color_tablet": "",
                                    "elementskit_item_text_color_hover_tablet": "",
                                    "elementskit_nav_sub_menu_active_text_color_tablet": "",
                                    "elementskit_menu_toggle_icon_color": "",
                                    "elementskit_menu_close_icon_color": "globals\/colors?id=accent",
                                    "elementskit_menubar_background_color": "",
                                    "elementskit_panel_submenu_border_color": "",
                                    "elementskit_submenu_container_background_color": "",
                                    "elementskit_menu_item_background_hover_color": "",
                                    "elementskit_nav_sub_menu_active_bg_color_color": "",
                                    "wrapper_color_mobile_tablet": "globals\/colors?id=c0a5c79",
                                    "elementskit_style_tab_submenu_indicator_color_mobile": "",
                                    "elementskit_menu_text_color": "",
                                    "elementskit_menu_toggle_background_color": ""
                                },
                                "ekit_submenu_indicator_spacing": {
                                    "unit": "px",
                                    "top": "-2",
                                    "right": "0",
                                    "bottom": "0",
                                    "left": "8",
                                    "isLinked": false
                                },
                                "elementskit_panel_submenu_border_width": {
                                    "unit": "px",
                                    "top": "0",
                                    "right": "0",
                                    "bottom": "0",
                                    "left": "0",
                                    "isLinked": true
                                },
                                "elementskit_menu_open_typography_mobile": {
                                    "unit": "px",
                                    "size": 27,
                                    "sizes": []
                                },
                                "_margin_mobile": {
                                    "unit": "px",
                                    "top": "3",
                                    "right": "-8",
                                    "bottom": "0",
                                    "left": "0",
                                    "isLinked": false
                                },
                                "elementskit_nav_menu_logo": {
                                    "id": 70,
                                    "url": "https:\/\/askproject.net\/tourre\/wp-content\/uploads\/sites\/218\/2025\/01\/logo_Asset-1-1.png",
                                    "alt": "",
                                    "source": "library",
                                    "size": ""
                                },
                                "ekit_submenu_indicator_spacing_tablet": {
                                    "unit": "px",
                                    "top": "0",
                                    "right": "0",
                                    "bottom": "0",
                                    "left": "200",
                                    "isLinked": false
                                },
                                "ekit_submenu_indicator_spacing_mobile": {
                                    "unit": "px",
                                    "top": "0",
                                    "right": "0",
                                    "bottom": "0",
                                    "left": "160",
                                    "isLinked": false
                                },
                                "elementskit_submenu_item_spacing_tablet": {
                                    "unit": "px",
                                    "top": "5",
                                    "right": "15",
                                    "bottom": "5",
                                    "left": "15",
                                    "isLinked": false
                                },
                                "elementskit_menu_close_border_width_mobile": {
                                    "unit": "px",
                                    "top": "0",
                                    "right": "0",
                                    "bottom": "0",
                                    "left": "0",
                                    "isLinked": false
                                },
                                "elementskit_mobile_menu_logo_width_tablet": {
                                    "unit": "px",
                                    "size": 95,
                                    "sizes": []
                                },
                                "elementskit_mobile_menu_logo_margin_tablet": {
                                    "unit": "px",
                                    "top": "7",
                                    "right": "0",
                                    "bottom": "30",
                                    "left": "25",
                                    "isLinked": false
                                },
                                "elementskit_mobile_menu_logo_margin_mobile": {
                                    "unit": "px",
                                    "top": "7",
                                    "right": "0",
                                    "bottom": "20",
                                    "left": "25",
                                    "isLinked": false
                                },
                                "elementskit_menubar_background_color_b": "#F2295B00",
                                "elementskit_item_background_color": "#00000000",
                                "elementskit_item_background_color_b": "#F2295B00",
                                "elementskit_item_background_hover_color_b": "#F2295B00",
                                "elementskit_nav_menu_active_bg_color_color_b": "#F2295B00",
                                "elementskit_menu_item_background_color_b": "#F2295B00",
                                "elementskit_submenu_container_background_color_b": "#FFFFFF",
                                "elementskit_menu_toggle_background_image_tablet": {
                                    "url": "http:\/\/askproject.net\/nomic\/wp-content\/uploads\/sites\/10\/2021\/07\/Artboard-1@4x.png",
                                    "id": 751,
                                    "alt": "",
                                    "source": "library"
                                },
                                "elementskit_menu_close_background_hover_background": "classic",
                                "elementskit_menu_close_background_hover_color": "#02010100",
                                "elementskit_menu_close_background_image_tablet": {
                                    "url": "http:\/\/askproject.net\/nomic\/wp-content\/uploads\/sites\/10\/2021\/07\/Artboard-1@4x.png",
                                    "id": 751,
                                    "alt": "",
                                    "source": "library"
                                },
                                "elementskit_panel_box_shadow_box_shadow": {
                                    "horizontal": 4,
                                    "vertical": 4,
                                    "blur": 15,
                                    "spread": 0,
                                    "color": "rgba(0, 0, 0, 0)"
                                },
                                "_margin": {
                                    "unit": "px",
                                    "top": "-15",
                                    "right": "0",
                                    "bottom": "-16",
                                    "left": "0",
                                    "isLinked": false
                                },
                                "_margin_tablet": {
                                    "unit": "px",
                                    "top": "3",
                                    "right": "-9",
                                    "bottom": "0",
                                    "left": "0",
                                    "isLinked": false
                                },
                                "_padding_tablet": {
                                    "unit": "px",
                                    "top": "0",
                                    "right": "0",
                                    "bottom": "0",
                                    "left": "0",
                                    "isLinked": false
                                },
                                "elementskit_menubar_height": {
                                    "unit": "px",
                                    "size": 60,
                                    "sizes": []
                                },
                                "elementskit_submenu_panel_border_radius": {
                                    "unit": "px",
                                    "top": "0",
                                    "right": "0",
                                    "bottom": "0",
                                    "left": "0",
                                    "isLinked": true
                                },
                                "elementskit_submenu_container_width_tablet": "200px",
                                "elementskit_mobile_menu_logo_height_tablet": {
                                    "unit": "px",
                                    "size": 70,
                                    "sizes": []
                                },
                                "elementskit_menu_text_color_tablet": "#211E1F",
                                "elementskit_mobile_menu_logo_width_mobile": {
                                    "unit": "px",
                                    "size": 95,
                                    "sizes": []
                                },
                                "_element_vertical_align_mobile": "center",
                                "elementskit_panel_submenu_border_color": "#12131710",
                                "elementskit_panel_box_shadow_box_shadow_type": "yes",
                                "elementskit_menu_text_color": "#FFFFFF91",
                                "elementskit_menu_item_border_last_child_width": {
                                    "unit": "px",
                                    "top": "0",
                                    "right": "0",
                                    "bottom": "0",
                                    "left": "0",
                                    "isLinked": false
                                },
                                "elementskit_menu_item_border_first_child_width": {
                                    "unit": "px",
                                    "top": "0",
                                    "right": "0",
                                    "bottom": "0",
                                    "left": "0",
                                    "isLinked": false
                                },
                                "elementskit_mobile_menu_logo_height_mobile": {
                                    "unit": "px",
                                    "size": "",
                                    "sizes": []
                                },
                                "elementskit_menu_item_border_border": "solid",
                                "elementskit_menu_item_border_width": {
                                    "unit": "px",
                                    "top": "0",
                                    "right": "0",
                                    "bottom": "0",
                                    "left": "0",
                                    "isLinked": false
                                },
                                "ekit_submenu_indicator_font_size": {
                                    "unit": "px",
                                    "size": 10,
                                    "sizes": []
                                },
                                "_z_index": 98,
                                "elementskit_style_tab_submenu_indicator_color": "#FFFFFF87",
                                "elementskit_menu_toggle_icon_color_hover": "#FFFFFF9E",
                                "elementskit_menu_close_icon_color": "#3F3222",
                                "elementskit_menu_close_icon_color_hover": "#2C2925",
                                "elementskit_item_color_hover": "#FFFFFF",
                                "elementskit_nav_menu_active_text_color": "#FFFFFF",
                                "elementskit_submenu_container_background_color": "#FEFDF7",
                                "content_width": "full",
                                "elementskit_main_menu_position_tablet": "elementskit-menu-po-left",
                                "elementskit_submenu_item_color": "#2C2925A8",
                                "elementskit_item_text_color_hover": "#2C2925",
                                "elementskit_nav_sub_menu_active_text_color": "#2C2925",
                                "elementskit_menu_toggle_icon_color": "#FFFFFF",
                                "elementskit_style_tab_submenu_indicator_color_tablet": "#3F3222",
                                "elementskit_main_menu_position": "elementskit-menu-po-center",
                                "elementskit_item_color_hover_tablet": "#211E1FA8",
                                "elementskit_nav_menu_active_text_color_tablet": "#211E1FA8",
                                "_flex_order_tablet": "end",
                                "_background_color_stop_tablet": {
                                    "unit": "%",
                                    "size": "",
                                    "sizes": []
                                },
                                "_background_color_stop_mobile": {
                                    "unit": "%",
                                    "size": "",
                                    "sizes": []
                                },
                                "_background_color_b_stop_tablet": {
                                    "unit": "%",
                                    "size": "",
                                    "sizes": []
                                },
                                "_background_color_b_stop_mobile": {
                                    "unit": "%",
                                    "size": "",
                                    "sizes": []
                                },
                                "_background_gradient_angle_tablet": {
                                    "unit": "deg",
                                    "size": "",
                                    "sizes": []
                                },
                                "_background_gradient_angle_mobile": {
                                    "unit": "deg",
                                    "size": "",
                                    "sizes": []
                                },
                                "_background_gradient_position_tablet": "center center",
                                "_background_gradient_position_mobile": "center center",
                                "_background_hover_color_stop_tablet": {
                                    "unit": "%",
                                    "size": "",
                                    "sizes": []
                                },
                                "_background_hover_color_stop_mobile": {
                                    "unit": "%",
                                    "size": "",
                                    "sizes": []
                                },
                                "_background_hover_color_b_stop_tablet": {
                                    "unit": "%",
                                    "size": "",
                                    "sizes": []
                                },
                                "_background_hover_color_b_stop_mobile": {
                                    "unit": "%",
                                    "size": "",
                                    "sizes": []
                                },
                                "_background_hover_gradient_angle_tablet": {
                                    "unit": "deg",
                                    "size": "",
                                    "sizes": []
                                },
                                "_background_hover_gradient_angle_mobile": {
                                    "unit": "deg",
                                    "size": "",
                                    "sizes": []
                                },
                                "_background_hover_gradient_position_tablet": "center center",
                                "_background_hover_gradient_position_mobile": "center center"
                            },
                            "elements": [],
                            "isInner": false,
                            "widgetType": "ekit-nav-menu",
                            "elType": "widget"
                        }
                    ],
                    "isInner": true,
                    "elType": "container"
                },
                {
                    "id": "40b5f637",
                    "settings": {
                        "flex_direction": "column",
                        "content_width": "full",
                        "width": {
                            "unit": "%",
                            "size": "25"
                        },
                        "flex_justify_content": "center",
                        "flex_align_items": "flex-end",
                        "padding": {
                            "unit": "px",
                            "top": "0",
                            "right": "0",
                            "bottom": "0",
                            "left": "0",
                            "isLinked": false
                        },
                        "width_tablet": {
                            "unit": "%",
                            "size": 68,
                            "sizes": []
                        },
                        "width_mobile": {
                            "unit": "%",
                            "size": 55,
                            "sizes": []
                        }
                    },
                    "elements": [
                        {
                            "id": "7d2911da",
                            "settings": {
                                "text": "Get Started",
                                "__globals__": {
                                    "typography_typography": "globals\/typography?id=accent",
                                    "hover_color": "",
                                    "button_text_color": "",
                                    "background_color": "",
                                    "button_background_hover_color": "",
                                    "border_color": "",
                                    "button_hover_border_color": "",
                                    "background_color_b": "globals\/colors?id=accent",
                                    "button_background_hover_color_b": "globals\/colors?id=accent"
                                },
                                "border_width": {
                                    "unit": "px",
                                    "top": "0",
                                    "right": "0",
                                    "bottom": "1",
                                    "left": "0",
                                    "isLinked": false
                                },
                                "border_radius": {
                                    "unit": "px",
                                    "top": "0",
                                    "right": "0",
                                    "bottom": "0",
                                    "left": "0",
                                    "isLinked": true
                                },
                                "text_padding": {
                                    "unit": "px",
                                    "top": "0",
                                    "right": "0",
                                    "bottom": "3",
                                    "left": "0",
                                    "isLinked": false
                                },
                                "align": "right",
                                "icon_indent": {
                                    "unit": "px",
                                    "size": 8,
                                    "sizes": []
                                },
                                "text_padding_mobile": {
                                    "unit": "px",
                                    "top": "0",
                                    "right": "0",
                                    "bottom": "3",
                                    "left": "0",
                                    "isLinked": false
                                },
                                "_margin_tablet": {
                                    "unit": "px",
                                    "top": "-8",
                                    "right": "0",
                                    "bottom": "0",
                                    "left": "0",
                                    "isLinked": false
                                },
                                "_margin_mobile": {
                                    "unit": "px",
                                    "top": "-9",
                                    "right": "0",
                                    "bottom": "0",
                                    "left": "0",
                                    "isLinked": false
                                },
                                "_padding_tablet": {
                                    "unit": "px",
                                    "top": "0",
                                    "right": "0",
                                    "bottom": "0",
                                    "left": "0",
                                    "isLinked": false
                                },
                                "background_color_b": "#3F3222",
                                "background_color_b_stop": {
                                    "unit": "%",
                                    "size": 50,
                                    "sizes": []
                                },
                                "background_gradient_angle": {
                                    "unit": "deg",
                                    "size": 320,
                                    "sizes": []
                                },
                                "button_background_hover_color_b_stop": {
                                    "unit": "%",
                                    "size": 50,
                                    "sizes": []
                                },
                                "button_background_hover_gradient_angle": {
                                    "unit": "deg",
                                    "size": 320,
                                    "sizes": []
                                },
                                "button_background_hover_color_b": "#3F3222",
                                "border_border": "solid",
                                "icon_align": "row-reverse",
                                "_element_custom_width": {
                                    "unit": "%",
                                    "size": 65,
                                    "sizes": []
                                },
                                "_element_custom_width_tablet": {
                                    "unit": "%",
                                    "size": 26,
                                    "sizes": []
                                },
                                "_element_custom_width_mobile": {
                                    "unit": "%",
                                    "size": 72,
                                    "sizes": []
                                },
                                "border_color": "#FFFFFF30",
                                "text_padding_tablet": {
                                    "unit": "px",
                                    "top": "0",
                                    "right": "0",
                                    "bottom": "3",
                                    "left": "0",
                                    "isLinked": false
                                },
                                "button_background_hover_color": "#82807D00",
                                "content_width": "full",
                                "background_color": "#FFFBC100",
                                "hover_color": "#FFFFFF",
                                "selected_icon": {
                                    "value": "icon icon-right-arrow",
                                    "library": "ekiticons"
                                },
                                "button_text_color": "#FFFFFF",
                                "button_hover_border_color": "#FFFFFF",
                                "_margin": {
                                    "unit": "px",
                                    "top": "-7",
                                    "right": "0",
                                    "bottom": "0",
                                    "left": "0",
                                    "isLinked": false
                                },
                                "_background_color_stop_tablet": {
                                    "unit": "%",
                                    "size": "",
                                    "sizes": []
                                },
                                "_background_color_stop_mobile": {
                                    "unit": "%",
                                    "size": "",
                                    "sizes": []
                                },
                                "_background_color_b_stop_tablet": {
                                    "unit": "%",
                                    "size": "",
                                    "sizes": []
                                },
                                "_background_color_b_stop_mobile": {
                                    "unit": "%",
                                    "size": "",
                                    "sizes": []
                                },
                                "_background_gradient_angle_tablet": {
                                    "unit": "deg",
                                    "size": "",
                                    "sizes": []
                                },
                                "_background_gradient_angle_mobile": {
                                    "unit": "deg",
                                    "size": "",
                                    "sizes": []
                                },
                                "_background_gradient_position_tablet": "center center",
                                "_background_gradient_position_mobile": "center center",
                                "_background_hover_color_stop_tablet": {
                                    "unit": "%",
                                    "size": "",
                                    "sizes": []
                                },
                                "_background_hover_color_stop_mobile": {
                                    "unit": "%",
                                    "size": "",
                                    "sizes": []
                                },
                                "_background_hover_color_b_stop_tablet": {
                                    "unit": "%",
                                    "size": "",
                                    "sizes": []
                                },
                                "_background_hover_color_b_stop_mobile": {
                                    "unit": "%",
                                    "size": "",
                                    "sizes": []
                                },
                                "_background_hover_gradient_angle_tablet": {
                                    "unit": "deg",
                                    "size": "",
                                    "sizes": []
                                },
                                "_background_hover_gradient_angle_mobile": {
                                    "unit": "deg",
                                    "size": "",
                                    "sizes": []
                                },
                                "_background_hover_gradient_position_tablet": "center center",
                                "_background_hover_gradient_position_mobile": "center center"
                            },
                            "elements": [],
                            "isInner": false,
                            "widgetType": "button",
                            "elType": "widget"
                        }
                    ],
                    "isInner": true,
                    "elType": "container"
                }
            ],
            "isInner": false,
            "elType": "container"
        }
    ],
    "page_settings": {
        "hide_title": "yes",
        "background_background": "classic",
        "__globals__": {
            "background_color": "globals\/colors?id=primary"
        },
        "template": "elementor_canvas"
    }
}